EmailAddress,Authors,Title,Journal,Volume,DOI,Type,Area,boast text,pdf,select
skuttal@ncsu.edu,"Peter Robe, Sandeep Kaur Kuttal",Designing PairBuddy - A Conversational Agent for Pair Programming.,ACM Trans. Comput. Hum. Interact.,29(2022): 34:1-34:44,https://doi.org/10.1145/3498326,article,,,,
skuttal@ncsu.edu,"Peter Robe, Sandeep Kaur Kuttal, Jake AuBuchon, Jacob Hart",Pair programming conversations with agents vs. developers: challenges and opportunities for SE community.,ESEC/SIGSOFT FSE,2022: 319-331,https://doi.org/10.1145/3540250.3549127,inproceedings,,,,
skuttal@ncsu.edu,"Sandeep Kaur Kuttal, Xiaofan Chen, Zhendong Wang, Sogol Balali, Anita Sarma",Visual Resume: Exploring developers' online contributions for hiring.,Inf. Softw. Technol.,138(2021): 106633,https://doi.org/10.1016/j.infsof.2021.106633,article,,,,
skuttal@ncsu.edu,"Sandeep Kaur Kuttal, Se Yeon Kim, Carlos Martos, Alexandra Bejarano",How end-user programmers forage in online repositories? An information foraging perspective.,J. Comput. Lang.,62(2021): 101010,https://doi.org/10.1016/j.cola.2020.101010,article,,,,
skuttal@ncsu.edu,"Sandeep Kaur Kuttal, Bali Ong, Kate Kwasny, Peter Robe","Trade-offs for Substituting a Human with an Agent in a Pair Programming Context: The Good, the Bad, and the Ugly.",CHI,2021: 243:1-243:20,https://doi.org/10.1145/3411764.3445659,inproceedings,,,,
skuttal@ncsu.edu,"Sandeep Kaur Kuttal, Abim Sedhain, Jacob AuBuchon",Designing a Gender-Inclusive Conversational Agent For Pair Programming: An Empirical Investigation.,HCI (36),2021: 59-75,https://doi.org/10.1007/978-3-030-77772-2_4,inproceedings,,,,
skuttal@ncsu.edu,"Caroline Lott, Alexander McAuliffe, Sandeep Kaur Kuttal",Remote Pair Collaborations of CS Students: Leaving Women Behind?,VL/HCC,2021: 1-11,https://doi.org/10.1109/VL/HCC51201.2021.9576394,inproceedings,,,,
skuttal@ncsu.edu,"Sandeep Kaur Kuttal, Jarow Myers, Sam Gurka, David Magar, David Piorkowski, Rachel K. E. Bellamy",Towards Designing Conversational Agents for Pair Programming: Accounting for Creativity Strategies and Conversational Styles.,VL/HCC,2020: 1-11,https://doi.org/10.1109/VL/HCC50065.2020.9127276,inproceedings,,,,
skuttal@ncsu.edu,"Peter Robe, Sandeep Kaur Kuttal, Yunfeng Zhang, Rachel K. E. Bellamy","Can Machine Learning Facilitate Remote Pair Programming? Challenges, Insights & Implications.",VL/HCC,2020: 1-11,https://doi.org/10.1109/VL/HCC50065.2020.9127250,inproceedings,,,,
skuttal@ncsu.edu,"Sandeep Kaur Kuttal, Akash Ghosh",Source Code Comments: Overlooked in the Realm of Code Clone Detection.,CoRR,abs/2006.14505(2020):,https://arxiv.org/abs/2006.14505,article,,,,
skuttal@ncsu.edu,"Sandeep Kaur Kuttal, Anita Sarma, Margaret Burnett, Gregg Rothermel, Ian Koeppe, Brooke Shepherd",How end-user programmers debug visual web-based programs: An information foraging theory perspective.,J. Comput. Lang.,53(2019): 22-37,https://doi.org/10.1016/j.cola.2019.04.003,article,,,,
skuttal@ncsu.edu,"Sandeep Kaur Kuttal, Kevin Gerstner, Alexandra Bejarano",Remote Pair Programming in Online CS Education: Investigating through a Gender Lens.,VL/HCC,2019: 75-85,https://doi.org/10.1109/VLHCC.2019.8818790,inproceedings,,,,
skuttal@ncsu.edu,"Sandeep Kaur Kuttal, Anita Sarma, Gregg Rothermel, Zhendong Wang",What happened to my application? Helping end users comprehend evolution through variation management.,Inf. Softw. Technol.,103(2018): 55-74,https://doi.org/10.1016/j.infsof.2018.06.008,article,,,,
skuttal@ncsu.edu,"Akash Ghosh, Sandeep Kaur Kuttal",Semantic Clone Detection: Can Source Code Comments Help?,VL/HCC,2018: 315-317,https://doi.org/10.1109/VLHCC.2018.8506550,inproceedings,,,,
skuttal@ncsu.edu,"Cheng Zhou, Sandeep Kaur Kuttal, Iftekhar Ahmed 0001",What Makes a Good Developer? An Empirical Study of Developers' Technical and Social Competencies.,VL/HCC,2018: 319-321,https://doi.org/10.1109/VLHCC.2018.8506577,inproceedings,,,,
skuttal@ncsu.edu,"Michael Mu Sun, Akash Ghosh, Rajesh Sharma, Sandeep Kaur Kuttal",Birds of a Feather Flock Together? A Study of Developers' Flocking and Migration Behavior in GitHub and Stack Overflow.,CoRR,abs/1810.13062(2018):,http://arxiv.org/abs/1810.13062,article,,,,
skuttal@ncsu.edu,"Will Jernigan, Amber Horvath, Michael Jongseon Lee, Margaret M. Burnett, Taylor Cuilty, Sandeep Kaur Kuttal, Anicia Peters, Irwin Kwan, Faezeh Bahmani, Amy J. Ko, Christopher J. Mendez, Alannah Oleson",General principles for a Generalized Idea Garden1-s2.0-S1045926X17300708-fx1Image 1.,J. Vis. Lang. Comput.,39(2017): 51-65,https://doi.org/10.1016/j.jvlc.2017.04.005,article,,,,
skuttal@ncsu.edu,"Sruti Srinivasa Ragavan, Bhargav Pandya, David Piorkowski, Charles Hill 0001, Sandeep Kaur Kuttal, Anita Sarma, Margaret M. Burnett",PFIS-V: Modeling Foraging Behavior in the Presence of Variants.,CHI,2017: 6232-6244,https://doi.org/10.1145/3025453.3025818,inproceedings,,,,
skuttal@ncsu.edu,"Sruti Srinivasa Ragavan, Sandeep Kaur Kuttal, Charles Hill 0001, Anita Sarma, David Piorkowski, Margaret M. Burnett",Foraging Among an Overabundance of Similar Variants.,CHI,2016: 3509-3521,https://doi.org/10.1145/2858036.2858469,inproceedings,,,,
skuttal@ncsu.edu,"Anita Sarma, Xiaofan Chen, Sandeep Kaur Kuttal, Laura Dabbish, Zhendong Wang",Hiring in the Global Stage: Profiles of Online Contributions.,ICGSE,2016: 1-10,https://doi.org/10.1109/ICGSE.2016.35,inproceedings,,,,
skuttal@ncsu.edu,"Carlos Martos, Se Yeon Kim, Sandeep Kaur Kuttal",Reuse of variants in online repositories: Foraging for the fittest.,VL/HCC,2016: 124-128,https://doi.org/10.1109/VLHCC.2016.7739674,inproceedings,,,,
skuttal@ncsu.edu,"Will Jernigan, Amber Horvath, Michael Jongseon Lee, Margaret M. Burnett, Taylor Cuilty, Sandeep Kaur Kuttal, Anicia Peters, Irwin Kwan, Faezeh Bahmani, Amy J. Ko",A principled evaluation for a principled idea garden.,VL/HCC,2015: 235-243,https://doi.org/10.1109/VLHCC.2015.7357222,inproceedings,,,,
skuttal@ncsu.edu,"Sandeep Kaur Kuttal, Anita Sarma, Gregg Rothermel",On the benefits of providing versioning support for end users: An empirical study.,ACM Trans. Comput. Hum. Interact.,21(2014): 9:1-9:43,https://doi.org/10.1145/2560016,article,,,,
skuttal@ncsu.edu,"Sandeep Kaur Kuttal, Anita Sarma, Gregg Rothermel",Debugging support for end user mashup programming.,CHI,2013: 1609-1618,https://doi.org/10.1145/2470654.2466213,inproceedings,,,,
skuttal@ncsu.edu,"Sandeep Kaur Kuttal, Anita Sarma, Gregg Rothermel",Predator behavior in the wild web world of bugs: An information foraging theory perspective.,VL/HCC,2013: 59-66,https://doi.org/10.1109/VLHCC.2013.6645244,inproceedings,,,,
skuttal@ncsu.edu,Sandeep Kaur Kuttal,Variation support for end users.,VL/HCC,2013: 183-184,https://doi.org/10.1109/VLHCC.2013.6645276,inproceedings,,,,
skuttal@ncsu.edu,"Sandeep Kaur Kuttal, Anita Sarma, Amanda Swearngin, Gregg Rothermel",Versioning for Mashups - An Exploratory Study.,IS-EUD,2011: 25-41,https://doi.org/10.1007/978-3-642-21530-8_4,inproceedings,,,,
skuttal@ncsu.edu,"Sandeep Kaur Kuttal, Anita Sarma, Gregg Rothermel",History repeats itself more easily when you log it: Versioning for mashups.,VL/HCC,2011: 69-72,https://doi.org/10.1109/VLHCC.2011.6070381,inproceedings,,,,
mdamori@ncsu.edu,"Keila Barbosa, Ronivaldo Ferreira, Gustavo Pinto 0001, Marcelo d'Amorim, Breno Miranda",Test Flakiness Across Programming Languages.,IEEE Trans. Software Eng.,49(2023): 2039-2052,https://doi.org/10.1109/TSE.2022.3208864,article,,,,
mdamori@ncsu.edu,"Brittany Reid, Marcelo d'Amorim, Markus Wagner 0007, Christoph Treude",NCQ: Code Reuse Support for Node.js Developers.,IEEE Trans. Software Eng.,49(2023): 3205-3225,https://doi.org/10.1109/TSE.2023.3248113,article,,,,
mdamori@ncsu.edu,"Lucas Cabral 0002, Breno Miranda, Igor Lima, Marcelo d'Amorim",RVprio: A tool for prioritizing runtime verification violations.,Softw. Test. Verification Reliab.,32(2022):,https://doi.org/10.1002/stvr.1813,article,,,,
mdamori@ncsu.edu,"Lucas Alcantara, Guilherme Padilha, Rui Abreu 0001, Marcelo d'Amorim",Syrius: Synthesis of Rules for Intrusion Detectors.,IEEE Trans. Reliab.,71(2022): 370-381,https://doi.org/10.1109/TR.2021.3061297,article,,,,
mdamori@ncsu.edu,"Facundo Molina, Marcelo d'Amorim, Nazareno Aguirre",Fuzzing Class Specifications.,ICSE,2022: 1008-1020,https://doi.org/10.1145/3510003.3510120,inproceedings,,,,
mdamori@ncsu.edu,"Sofia Reis, Rui Abreu 0001, Marcelo d'Amorim, Daniel Fortunato",Leveraging Practitioners' Feedback to Improve a Security Linter.,ASE,2022: 66:1-66:12,https://doi.org/10.1145/3551349.3560419,inproceedings,,,,
mdamori@ncsu.edu,"Andrea Stocco 0001, Paulo J. Nunes, Marcelo d'Amorim, Paolo Tonella",ThirdEye: Attention Maps for Safe Autonomous Driving Systems.,ASE,2022: 102:1-102:12,https://doi.org/10.1145/3551349.3556968,inproceedings,,,,
mdamori@ncsu.edu,"Brittany Reid, Markus Wagner 0007, Marcelo d'Amorim, Christoph Treude",Software Engineering User Study Recruitment on Prolific: An Experience Report.,CoRR,abs/2201.05348(2022):,https://arxiv.org/abs/2201.05348,article,,,,
mdamori@ncsu.edu,"Facundo Molina, Marcelo d'Amorim, Nazareno Aguirre",Fuzzing Class Specifications.,CoRR,abs/2201.10874(2022):,https://arxiv.org/abs/2201.10874,article,,,,
mdamori@ncsu.edu,"Patrick Bareiß, Beatriz Souza, Marcelo d'Amorim, Michael Pradel","Code Generation Tools (Almost) for Free? A Study of Few-Shot, Pre-Trained Language Models on Code.",CoRR,abs/2206.01335(2022):,https://doi.org/10.48550/arXiv.2206.01335,article,,,,
mdamori@ncsu.edu,"Rohit Gheyi, Márcio Ribeiro 0001, Beatriz Souza, Marcio Augusto Guimarães, Leo Fernandes, Marcelo d'Amorim, Vander Alves, Leopoldo Teixeira, Baldoino Fonseca",Identifying method-level mutation subsumption relations using Z3.,Inf. Softw. Technol.,132(2021): 106496,https://doi.org/10.1016/j.infsof.2020.106496,article,,,,
mdamori@ncsu.edu,"Igor Lima, Jefferson Silva, Breno Miranda, Gustavo Pinto 0001, Marcelo d'Amorim",Exposing bugs in JavaScript engines through test transplantation and differential testing.,Softw. Qual. J.,29(2021): 129-158,https://doi.org/10.1007/s11219-020-09537-8,article,,,,
mdamori@ncsu.edu,"Luis Melo, Igor Wiese, Marcelo d'Amorim",Using Docker to Assist Q&A Forum Users.,IEEE Trans. Software Eng.,47(2021): 2563-2574,https://doi.org/10.1109/TSE.2019.2956919,article,,,,
mdamori@ncsu.edu,"Daniela S. Costa, Carlos A. B. Mello, Marcelo d'Amorim",A comparative study on methods and tools for handwritten mathematical expression recognition.,DocEng,2021: 26:1-26:4,https://doi.org/10.1145/3469096.3474936,inproceedings,,,,
mdamori@ncsu.edu,"Jordan Henkel, Denini Silva, Leopoldo Teixeira, Marcelo d'Amorim, Thomas W. Reps",Shipwright: A Human-in-the-Loop System for Dockerfile Repair.,ICSE (Companion Volume),2021: 198-199,https://doi.org/10.1109/ICSE-Companion52605.2021.00087,inproceedings,,,,
mdamori@ncsu.edu,"Jordan Henkel, Denini Silva, Leopoldo Teixeira, Marcelo d'Amorim, Thomas W. Reps",Shipwright: A Human-in-the-Loop System for Dockerfile Repair.,ICSE,2021: 1148-1160,https://doi.org/10.1109/ICSE43902.2021.00106,inproceedings,,,,
mdamori@ncsu.edu,"Shouvick Mondal, Denini Silva, Marcelo d'Amorim",Soundy Automated Parallelization of Test Execution.,ICSME,2021: 309-319,https://doi.org/10.1109/ICSME52107.2021.00034,inproceedings,,,,
mdamori@ncsu.edu,"Leopoldo Teixeira, Breno Miranda, Henrique Rebêlo, Marcelo d'Amorim",Demystifying the Challenges of Formally Specifying API Properties for Runtime Verification.,ICST,2021: 82-93,https://doi.org/10.1109/ICST49551.2021.00020,inproceedings,,,,
mdamori@ncsu.edu,"Marcello Cordeiro, Denini Silva, Leopoldo Teixeira, Breno Miranda, Marcelo d'Amorim",Shaker: a Tool for Detecting More Flaky Tests Faster.,ASE,2021: 1281-1285,https://doi.org/10.1109/ASE51524.2021.9678918,inproceedings,,,,
mdamori@ncsu.edu,"Brittany Reid, Keila Barbosa, Marcelo d'Amorim, Markus Wagner 0007, Christoph Treude",NCQ: code reuse support for Node.js developers.,CoRR,abs/2101.00756(2021):,https://arxiv.org/abs/2101.00756,article,,,,
mdamori@ncsu.edu,"Jordan Henkel, Denini Silva, Leopoldo Teixeira, Marcelo d'Amorim, Thomas W. Reps",Shipwright: A Human-in-the-Loop System for Dockerfile Repair.,CoRR,abs/2103.02591(2021):,https://arxiv.org/abs/2103.02591,article,,,,
mdamori@ncsu.edu,"Igor Lima, Jeanderson Cândido, Marcelo d'Amorim",Practical detection of CMS plugin conflicts in large plugin sets.,Inf. Softw. Technol.,118(2020):,https://doi.org/10.1016/j.infsof.2019.106212,article,,,,
mdamori@ncsu.edu,"Marcelo d'Amorim, Rui Abreu 0001, Carlos Mello",Visual sketching: from image sketches to code.,ICSE (NIER),2020: 101-104,https://doi.org/10.1145/3377816.3381745,inproceedings,,,,
mdamori@ncsu.edu,"Denini Silva, Leopoldo Teixeira, Marcelo d'Amorim",Shake It! Detecting Flaky Tests Caused by Concurrency with Shaker.,ICSME,2020: 301-311,https://doi.org/10.1109/ICSME46990.2020.00037,inproceedings,,,,
mdamori@ncsu.edu,"Marcio Augusto Guimarães, Leonardo Fernandes, Márcio Ribeiro 0001, Marcelo d'Amorim, Rohit Gheyi",Optimizing Mutation Testing by Discovering Dynamic Mutant Subsumption Relations.,ICST,2020: 198-208,https://doi.org/10.1109/ICST46399.2020.00029,inproceedings,,,,
mdamori@ncsu.edu,"Breno Miranda, Igor Lima, Owolabi Legunsen, Marcelo d'Amorim",Prioritizing Runtime Verification Violations.,ICST,2020: 297-308,https://doi.org/10.1109/ICST46399.2020.00038,inproceedings,,,,
mdamori@ncsu.edu,"Gustavo Pinto 0001, Breno Miranda, Supun Dissanayake, Marcelo d'Amorim, Christoph Treude, Antonia Bertolino",What is the Vocabulary of Flaky Tests?,MSR,2020: 492-502,https://doi.org/10.1145/3379597.3387482,inproceedings,,,,
mdamori@ncsu.edu,"João Batista Pereira Matos Jr., Lucas Carvalho Cordeiro, Marcelo d'Amorim, Xiaowei Huang 0001",Generating Adversarial Inputs Using A Black-box Differential Technique.,CoRR,abs/2007.05315(2020):,https://arxiv.org/abs/2007.05315,article,,,,
mdamori@ncsu.edu,"Igor Lima, Jefferson Silva, Breno Miranda, Gustavo Pinto 0001, Marcelo d'Amorim",Exposing Bugs in JavaScript Engines through Test Transplantation and Differential Testing.,CoRR,abs/2012.03759(2020):,https://arxiv.org/abs/2012.03759,article,,,,
mdamori@ncsu.edu,"Xiangyu Li 0001, Marcelo d'Amorim, Alessandro Orso",Intent-Preserving Test Repair.,ICST,2019: 217-227,https://doi.org/10.1109/ICST.2019.00030,inproceedings,,,,
mdamori@ncsu.edu,"Sofia Reis, Rui Abreu 0001, Marcelo d'Amorim",Demystifying the Combination of Dynamic Slicing and Spectrum-based Fault Localization.,IJCAI,2019: 4760-4766,https://doi.org/10.24963/ijcai.2019/661,inproceedings,,,,
mdamori@ncsu.edu,"Davino Mauro Junior, Luis Melo, Hao Lu, Marcelo d'Amorim, Atul Prakash 0001",A Study of Vulnerability Analysis of Popular Smart Devices Through Their Companion Apps.,IEEE Symposium on Security and Privacy Workshops,2019: 181-186,https://doi.org/10.1109/SPW.2019.00042,inproceedings,,,,
mdamori@ncsu.edu,"Davino Mauro Junior, Luis Melo, Harvey Lu, Marcelo d'Amorim, Atul Prakash 0001",Beware of the App! On the Vulnerability Surface of Smart Devices through their Companion Apps.,CoRR,abs/1901.10062(2019):,http://arxiv.org/abs/1901.10062,article,,,,
mdamori@ncsu.edu,"Sabrina Souto, Marcelo d'Amorim",Time-space efficient regression testing for configurable systems.,J. Syst. Softw.,137(2018): 733-746,https://doi.org/10.1016/j.jss.2017.08.010,article,,,,
mdamori@ncsu.edu,"Xiangyu Li 0001, Shaowei Zhu 0001, Marcelo d'Amorim, Alessandro Orso",Enlightened debugging.,ICSE,2018: 82-92,https://doi.org/10.1145/3180155.3180242,inproceedings,,,,
mdamori@ncsu.edu,"Mattia Fazzini, Martin Prammer, Marcelo d'Amorim, Alessandro Orso",Automatically translating bug reports into test cases for mobile apps.,ISSTA,2018: 141-152,https://doi.org/10.1145/3213846.3213869,inproceedings,,,,
mdamori@ncsu.edu,"Tao Xie 0001, Yuanfang Cai, Xuanzhe Liu, Xiaoyin Wang, Mithun P. Acharya, Marcelo d'Amorim, Xiaoxing Ma",Preface.,J. Comput. Sci. Technol.,32(2017): 1057-1059,https://doi.org/10.1007/s11390-017-1782-3,article,,,,
mdamori@ncsu.edu,"Sabrina Souto, Marcelo d'Amorim, Rohit Gheyi",Balancing soundness and efficiency for practical testing of configurable systems.,ICSE,2017: 632-642,https://doi.org/10.1109/ICSE.2017.64,inproceedings,,,,
mdamori@ncsu.edu,"Alexandre Perez, Rui Abreu 0001, Marcelo d'Amorim",Prevalence of Single-Fault Fixes and Its Impact on Fault Localization.,ICST,2017: 12-22,https://doi.org/10.1109/ICST.2017.9,inproceedings,,,,
mdamori@ncsu.edu,"Jeanderson Cândido, Luis Melo, Marcelo d'Amorim",Test suite parallelization in open-source projects: a study on its usage and impact.,ASE,2017: 838-848,https://doi.org/10.1109/ASE.2017.8115695,inproceedings,,,,
mdamori@ncsu.edu,"Sabrina Souto, Marcelo d'Amorim",Time-Space Efficient Regression Testing for Configurable Systems.,CoRR,abs/1702.03457(2017):,http://arxiv.org/abs/1702.03457,article,,,,
mdamori@ncsu.edu,"Xiangyu Li 0001, Marcelo d'Amorim, Alessandro Orso",Iterative User-Driven Fault Localization.,Haifa Verification Conference,2016: 82-98,https://doi.org/10.1007/978-3-319-49052-6_6,inproceedings,,,,
mdamori@ncsu.edu,"Paulo Barros, René Just, Suzanne Millstein, Paul Vines, Werner Dietl, Marcelo d'Amorim, Michael D. Ernst",Static Analysis of Implicit Control Flow: Resolving Java Reflection and Android Intents (T).,ASE,2015: 669-679,https://doi.org/10.1109/ASE.2015.69,inproceedings,,,,
mdamori@ncsu.edu,"Mateus Borges, Antonio Filieri, Marcelo d'Amorim, Corina S. Pasareanu",Iterative distribution-aware sampling for probabilistic symbolic execution.,ESEC/SIGSOFT FSE,2015: 866-877,https://doi.org/10.1145/2786805.2786832,inproceedings,,,,
mdamori@ncsu.edu,"Sabrina Souto, Divya Gopinath, Marcelo d'Amorim, Darko Marinov, Sarfraz Khurshid, Don S. Batory",Faster bug detection for software product lines with incomplete feature models.,SPLC,2015: 151-160,https://doi.org/10.1145/2791060.2791093,inproceedings,,,,
mdamori@ncsu.edu,"Andrei Rimsa, Marcelo d'Amorim, Fernando Magno Quintão Pereira, Roberto da Silva Bigonha",Efficient static checker for tainted variable attacks.,Sci. Comput. Program.,80(2014): 91-105,https://doi.org/10.1016/j.scico.2013.03.012,article,,,,
mdamori@ncsu.edu,"Tianhai Liu, Mateus Araújo, Marcelo d'Amorim, Mana Taghdiri",A Comparative Study of Incremental Constraint Solving Approaches in Symbolic Execution.,Haifa Verification Conference,2014: 284-299,https://doi.org/10.1007/978-3-319-13338-6_21,inproceedings,,,,
mdamori@ncsu.edu,"Mateus Borges, Antonio Filieri, Marcelo d'Amorim, Corina S. Pasareanu, Willem Visser",Compositional solution space quantification for probabilistic software analysis.,PLDI,2014: 123-132,https://doi.org/10.1145/2594291.2594329,inproceedings,,,,
mdamori@ncsu.edu,"Quoc-Sang Phan, Pasquale Malacaria, Corina S. Pasareanu, Marcelo d'Amorim",Quantifying information leaks using reliability analysis.,SPIN,2014: 105-108,https://doi.org/10.1145/2632362.2632367,inproceedings,,,,
mdamori@ncsu.edu,"José Campos, Rui Abreu 0001, Gordon Fraser 0001, Marcelo d'Amorim",Entropy-based test generation for improved fault localization.,ASE,2013: 257-267,https://doi.org/10.1109/ASE.2013.6693085,inproceedings,,,,
mdamori@ncsu.edu,"Chang Hwan Peter Kim, Darko Marinov, Sarfraz Khurshid, Don S. Batory, Sabrina Souto, Paulo Barros, Marcelo d'Amorim",SPLat: lightweight dynamic analysis for reducing combinatorics in testing configurable systems.,ESEC/SIGSOFT FSE,2013: 257-267,https://doi.org/10.1145/2491411.2491459,inproceedings,,,,
mdamori@ncsu.edu,"Mateus Borges, Marcelo d'Amorim, Saswat Anand, David H. Bushnell, Corina S. Pasareanu",Symbolic Execution with Interval Solving and Meta-heuristic Search.,ICST,2012: 111-120,https://doi.org/10.1109/ICST.2012.91,inproceedings,,,,
mdamori@ncsu.edu,"Andrei Rimsa, Marcelo d'Amorim, Fernando Magno Quintão Pereira",Tainted Flow Analysis on e-SSA-Form Programs.,CC,2011: 124-143,https://doi.org/10.1007/978-3-642-19861-8_8,inproceedings,,,,
mdamori@ncsu.edu,"Elton Alves, Milos Gligoric 0001, Vilas Jagannath, Marcelo d'Amorim",Fault-localization using dynamic slicing and change impact analysis.,ASE,2011: 520-523,https://doi.org/10.1109/ASE.2011.6100114,inproceedings,,,,
mdamori@ncsu.edu,"Matheus Souza 0003, Mateus Borges, Marcelo d'Amorim, Corina S. Pasareanu",CORAL: Solving Complex Constraints for Symbolic PathFinder.,NASA Formal Methods,2011: 359-374,https://doi.org/10.1007/978-3-642-20398-5_26,inproceedings,,,,
mdamori@ncsu.edu,"Mitsuo Takaki, Diego Cavalcanti, Rohit Gheyi, Juliano Iyoda, Marcelo d'Amorim, Ricardo Bastos Cavalcante Prudêncio",Randomized constraint solvers: a comparative study.,Innov. Syst. Softw. Eng.,6(2010): 243-253,https://doi.org/10.1007/s11334-010-0124-1,article,,,,
mdamori@ncsu.edu,"Ahmed Sobeih, Marcelo d'Amorim, Mahesh Viswanathan 0001, Darko Marinov, Jennifer C. Hou",Assertion Checking in J-Sim Simulation Models of Network Protocols.,Simul.,86(2010): 651-673,https://doi.org/10.1177/0037549709349326,article,,,,
mdamori@ncsu.edu,"Cristiano Bertolini, Glaucia Peres, Marcelo d'Amorim, Alexandre Mota 0001",An Empirical Evaluation of Automated Black Box Testing Techniques for Crashing GUIs.,ICST,2009: 21-30,https://doi.org/10.1109/ICST.2009.27,inproceedings,,,,
mdamori@ncsu.edu,"Mitsuo Takaki, Diego Cavalcanti, Rohit Gheyi, Juliano Iyoda, Marcelo d'Amorim, Ricardo Bastos Cavalcante Prudêncio",A Comparative Study of Randomized Constraint Solvers for Random-Symbolic Testing.,NASA Formal Methods,2009: 56-65,,inproceedings,,,,
mdamori@ncsu.edu,"Marcelo d'Amorim, Steven Lauterburg, Darko Marinov",Delta Execution for Efficient State-Space Exploration of Object-Oriented Programs.,IEEE Trans. Software Eng.,34(2008): 597-613,https://doi.org/10.1109/TSE.2008.37,article,,,,
mdamori@ncsu.edu,"Tihomir Gvero, Milos Gligoric 0001, Steven Lauterburg, Marcelo d'Amorim, Darko Marinov, Sarfraz Khurshid",State extensions for java pathfinder.,ICSE,2008: 863-866,https://doi.org/10.1145/1368088.1368224,inproceedings,,,,
mdamori@ncsu.edu,"Marcelo d'Amorim, Steven Lauterburg, Darko Marinov",Delta execution for efficient state-space exploration of object-oriented programs.,ISSTA,2007: 50-60,https://doi.org/10.1145/1273463.1273472,inproceedings,,,,
mdamori@ncsu.edu,"Marcelo d'Amorim, Ahmed Sobeih, Darko Marinov",Optimized Execution of Deterministic Blocks in Java PathFinder.,ICFEM,2006: 549-567,https://doi.org/10.1007/11901433_30,inproceedings,,,,
mdamori@ncsu.edu,"Marcelo d'Amorim, Carlos Pacheco, Tao Xie 0001, Darko Marinov, Michael D. Ernst",An Empirical Comparison of Automated Generation and Classification Techniques for Object-Oriented Unit Testing.,ASE,2006: 59-68,https://doi.org/10.1109/ASE.2006.13,inproceedings,,,,
mdamori@ncsu.edu,"Marcelo d'Amorim, Grigore Rosu",An Equational Specification for the Scheme Language.,J. Univers. Comput. Sci.,11(2005): 1327-1348,https://doi.org/10.3217/jucs-011-07-1327,article,,,,
mdamori@ncsu.edu,"Marcelo d'Amorim, Klaus Havelund",Event-based runtime verification of java programs.,ACM SIGSOFT Softw. Eng. Notes,30(2005): 1-7,https://doi.org/10.1145/1082983.1083249,article,,,,
mdamori@ncsu.edu,"Marcelo d'Amorim, Grigore Rosu",Efficient Monitoring of omega-Languages.,CAV,2005: 364-378,https://doi.org/10.1007/11513988_36,inproceedings,,,,
mdamori@ncsu.edu,"Feng Chen 0006, Marcelo d'Amorim, Grigore Rosu",Checking and Correcting Behaviors of Java Programs at Runtime with Java-MOP.,RV@CAV,2005: 3-20,https://doi.org/10.1016/j.entcs.2006.02.002,inproceedings,,,,
mdamori@ncsu.edu,"Feng Chen 0006, Marcelo d'Amorim, Grigore Rosu",A Formal Monitoring-Based Framework for Software Development and Analysis.,ICFEM,2004: 357-372,https://doi.org/10.1007/978-3-540-30482-1_31,inproceedings,,,,
mdamori@ncsu.edu,"Marcelo d'Amorim, Carlos André Guimarães Ferraz","A Design for JTrader, an Internet Trading Service.",IICS,2001: 159-166,https://doi.org/10.1007/3-540-48206-7_14,inproceedings,,,,
ktstolee@ncsu.edu,"Gina R. Bai, Sandeep Sthapit, Sarah Heckman, Thomas W. Price, Kathryn T. Stolee",An Experience Report on Introducing Explicit Strategies into Testing Checklists for Advanced Beginners.,ITiCSE (1),2023: 194-200,https://doi.org/10.1145/3587102.3588781,inproceedings,,,,
ktstolee@ncsu.edu,"Peipei Wang, Chris Brown 0001, Jamie A. Jennings, Kathryn T. Stolee",Demystifying regular expression bugs.,Empir. Softw. Eng.,27(2022): 21,https://doi.org/10.1007/s10664-021-10033-1,article,,,,
ktstolee@ncsu.edu,"Kai Presler-Marshall, Sarah Heckman, Kathryn T. Stolee",What Makes Team[s] Work? A Study of Team Characteristics in Software Engineering Projects.,ICER (1),2022: 177-188,https://doi.org/10.1145/3501385.3543980,inproceedings,,,,
ktstolee@ncsu.edu,"Gina R. Bai, Kai Presler-Marshall, Thomas W. Price, Kathryn T. Stolee",Check It Off: Exploring the Impact of a Checklist Intervention on the Quality of Student-authored Unit Tests.,ITiCSE (1),2022: 276-282,https://doi.org/10.1145/3502718.3524799,inproceedings,,,,
ktstolee@ncsu.edu,"Kai Presler-Marshall, Sarah Heckman, Kathryn T. Stolee",Identifying Struggling Teams in Software Engineering Courses Through Weekly Surveys.,SIGCSE (1),2022: 126-132,https://doi.org/10.1145/3478431.3499367,inproceedings,,,,
ktstolee@ncsu.edu,"Afsoon Afzal, Manish Motwani, Kathryn T. Stolee, Yuriy Brun, Claire Le Goues",SOSRepair: Expressive Semantic Search for Real-World Program Repair.,IEEE Trans. Software Eng.,47(2021): 2162-2181,https://doi.org/10.1109/TSE.2019.2944914,article,,,,
ktstolee@ncsu.edu,"Kai Presler-Marshall, Sarah Heckman, Kathryn T. Stolee",SQLRepair: Identifying and Repairing Mistakes in Student-Authored SQL Queries.,ICSE (SEET),2021: 199-210,https://doi.org/10.1109/ICSE-SEET52601.2021.00030,inproceedings,,,,
ktstolee@ncsu.edu,"Gina R. Bai, Justin Smith 0001, Kathryn T. Stolee","How Students Unit Test: Perceptions, Practices, and Pitfalls.",ITiCSE (1),2021: 248-254,https://doi.org/10.1145/3430665.3456368,inproceedings,,,,
ktstolee@ncsu.edu,"Susan R. Fisk, Tiah Wingate, Lina Battestilli, Kathryn T. Stolee",Increasing Women's Persistence in Computer Science by Decreasing Gendered Self-Assessments of Computing Ability.,ITiCSE (1),2021: 464-470,https://doi.org/10.1145/3430665.3456374,inproceedings,,,,
ktstolee@ncsu.edu,"George Mathew, Kathryn T. Stolee",Cross-language code search using static and dynamic analyses.,ESEC/SIGSOFT FSE,2021: 205-217,https://doi.org/10.1145/3468264.3468538,inproceedings,,,,
ktstolee@ncsu.edu,"Kai Presler-Marshall, Sarah Heckman, Kathryn T. Stolee",SQLRepair: Identifying and Repairing Mistakes in Student-Authored SQL Queries.,CoRR,abs/2102.05729(2021):,https://arxiv.org/abs/2102.05729,article,,,,
ktstolee@ncsu.edu,"Peipei Wang, Chris Brown 0001, Jamie A. Jennings, Kathryn T. Stolee","Demystifying Regular Expression Bugs: A comprehensive study on regular expression bug causes, fixes, and testing.",CoRR,abs/2104.09693(2021):,https://arxiv.org/abs/2104.09693,article,,,,
ktstolee@ncsu.edu,"George Mathew, Kathryn T. Stolee",Cross-Language Code Search using Static and Dynamic Analyses.,CoRR,abs/2106.09173(2021):,https://arxiv.org/abs/2106.09173,article,,,,
ktstolee@ncsu.edu,"Suvodeep Majumder, Joymallya Chakraborty, Gina R. Bai, Kathryn T. Stolee, Tim Menzies",Fair Enough: Searching for Sufficient Measures of Fairness.,CoRR,abs/2110.13029(2021):,https://arxiv.org/abs/2110.13029,article,,,,
ktstolee@ncsu.edu,"Justin Middleton, Emerson R. Murphy-Hill, Kathryn T. Stolee",Data Analysts and Their Software Practices: A Profile of the Sabermetrics Community and Beyond.,Proc. ACM Hum. Comput. Interact.,4(2020): 052:1-052:27,https://doi.org/10.1145/3392859,article,,,,
ktstolee@ncsu.edu,"George Mathew, Chris Parnin, Kathryn T. Stolee",SLACC: simion-based language agnostic code clones.,ICSE,2020: 210-221,https://doi.org/10.1145/3377811.3380407,inproceedings,,,,
ktstolee@ncsu.edu,"Gina R. Bai, Joshua Kayani, Kathryn T. Stolee",How Graduate Computing Students Search When Using an Unfamiliar Programming Language.,ICPC,2020: 160-171,https://doi.org/10.1145/3387904.3389274,inproceedings,,,,
ktstolee@ncsu.edu,"Peipei Wang, Chris Brown 0001, Jamie A. Jennings, Kathryn T. Stolee",An Empirical Study on Regular Expression Bugs.,MSR,2020: 103-113,https://doi.org/10.1145/3379597.3387464,inproceedings,,,,
ktstolee@ncsu.edu,"Susan R. Fisk, Kathryn T. Stolee, Lina Battestilli",A Lightweight Intervention to Decrease Gender Bias in Student Evaluations of Teaching.,RESPECT,2020: 1-4,https://doi.org/10.1109/RESPECT49803.2020.9272454,inproceedings,,,,
ktstolee@ncsu.edu,"George Mathew, Chris Parnin, Kathryn T. Stolee",SLACC: Simion-based Language Agnostic Code Clones.,CoRR,abs/2002.03039(2020):,https://arxiv.org/abs/2002.03039,article,,,,
ktstolee@ncsu.edu,"Kai Presler-Marshall, Eric Horton, Sarah Heckman, Kathryn T. Stolee","Wait wait. No, tell me: analyzing selenium configuration effects on test flakiness.",AST@ICSE,2019: 7-13,https://doi.org/10.1109/AST.2019.000-1,inproceedings,,,,
ktstolee@ncsu.edu,"Di Chen, Kathryn T. Stolee, Tim Menzies",Replication can improve prior results: a GitHub study of pull request acceptance.,ICPC,2019: 179-190,https://doi.org/10.1109/ICPC.2019.00037,inproceedings,,,,
ktstolee@ncsu.edu,"Gina R. Bai, Brian Clee, Nischal Shrestha, Carl Chapman, Cimone Wright, Kathryn T. Stolee",Exploring tools and strategies used during regular expression composition tasks.,ICPC,2019: 197-208,https://doi.org/10.1109/ICPC.2019.00039,inproceedings,,,,
ktstolee@ncsu.edu,"Peng Sun, Chris Brown 0001, Ivan Beschastnikh, Kathryn T. Stolee",Mining Specifications from Documentation using a Crowd.,SANER,2019: 275-286,https://doi.org/10.1109/SANER.2019.8668025,inproceedings,,,,
ktstolee@ncsu.edu,"Peipei Wang, Gina R. Bai, Kathryn T. Stolee",Exploring Regular Expression Evolution.,SANER,2019: 502-513,https://doi.org/10.1109/SANER.2019.8667972,inproceedings,,,,
ktstolee@ncsu.edu,"Di Chen, Kathryn T. Stolee, Tim Menzies",Replication Can Improve Prior Results: A GitHub Study of Pull Request Acceptance.,CoRR,abs/1902.04060(2019):,http://arxiv.org/abs/1902.04060,article,,,,
ktstolee@ncsu.edu,"Claire Le Goues, Ciera Jaspan, Ipek Ozkaya, Mary Shaw, Kathryn T. Stolee",Bridging the Gap: From Research to Practical Advice.,IEEE Softw.,35(2018): 50-57,https://doi.org/10.1109/MS.2018.3571235,article,,,,
ktstolee@ncsu.edu,"Sarah Heckman, Kathryn T. Stolee, Christopher Parnin","10+ years of teaching software engineering with itrust: the good, the bad, and the ugly.",ICSE (SEET),2018: 1-4,https://doi.org/10.1145/3183377.3183393,inproceedings,,,,
ktstolee@ncsu.edu,"Andrew Hill, Corina S. Pasareanu, Kathryn T. Stolee",Automated program repair with canonical constraints.,ICSE (Companion Volume),2018: 339-341,https://doi.org/10.1145/3183440.3194999,inproceedings,,,,
ktstolee@ncsu.edu,"Md. Masudur Rahman 0001, Jed Barson, Sydney Paul, Joshua Kayani, Federico Andres Lois, Sebastian Fernandez Quezada, Christopher Parnin, Kathryn T. Stolee, Baishakhi Ray",Evaluating how developers use general-purpose web-search for code retrieval.,MSR,2018: 465-475,https://doi.org/10.1145/3196398.3196425,inproceedings,,,,
ktstolee@ncsu.edu,"Peipei Wang, Kathryn T. Stolee",How well are regular expressions tested in the wild?,ESEC/SIGSOFT FSE,2018: 668-678,https://doi.org/10.1145/3236024.3236072,inproceedings,,,,
ktstolee@ncsu.edu,"Md. Masudur Rahman 0001, Jed Barson, Sydney Paul, Joshua Kayani, Federico Andres Lois, Sebastian Fernandez Quezada, Christopher Parnin, Kathryn T. Stolee, Baishakhi Ray",Evaluating How Developers Use General-Purpose Web-Search for Code Retrieval.,CoRR,abs/1803.08612(2018):,http://arxiv.org/abs/1803.08612,article,,,,
ktstolee@ncsu.edu,"David Shriver, Sebastian G. Elbaum, Kathryn T. Stolee",At the End of Synthesis: Narrowing Program Candidates.,ICSE-NIER,2017: 19-22,https://doi.org/10.1109/ICSE-NIER.2017.7,inproceedings,,,,
ktstolee@ncsu.edu,"Carl Chapman, Peipei Wang, Kathryn T. Stolee",Exploring regular expression comprehension.,ASE,2017: 405-416,https://doi.org/10.1109/ASE.2017.8115653,inproceedings,,,,
ktstolee@ncsu.edu,"Devarshi Singh, Varun Ramachandra Sekar, Kathryn T. Stolee, Brittany Johnson",Evaluating how static analysis tools can reduce code review effort.,VL/HCC,2017: 101-105,https://doi.org/10.1109/VLHCC.2017.8103456,inproceedings,,,,
ktstolee@ncsu.edu,"Di Chen, Kathryn T. Stolee, Tim Menzies",Replicating and Scaling up Qualitative Analysis using Crowdsourcing: A Github-based Case Study.,CoRR,abs/1702.08571(2017):,http://arxiv.org/abs/1702.08571,article,,,,
ktstolee@ncsu.edu,"Kathryn T. Stolee, Sebastian G. Elbaum, Matthew B. Dwyer","Code search with input/output queries: Generalizing, ranking, and assessment.",J. Syst. Softw.,116(2016): 35-48,https://doi.org/10.1016/j.jss.2015.04.081,article,,,,
ktstolee@ncsu.edu,"Peng Sun, Kathryn T. Stolee",Exploring crowd consistency in a mechanical turk survey.,CSI-SE@ICSE,2016: 8-14,https://doi.org/10.1145/2897659.2897662,inproceedings,,,,
ktstolee@ncsu.edu,"Carl Chapman, Kathryn T. Stolee",Exploring regular expression usage and context in Python.,ISSTA,2016: 282-293,https://doi.org/10.1145/2931037.2931073,inproceedings,,,,
ktstolee@ncsu.edu,"Felienne Hermans, Kathryn T. Stolee, David Hoepelman",Smells in block-based programming languages.,VL/HCC,2016: 68-72,https://doi.org/10.1109/VLHCC.2016.7739666,inproceedings,,,,
ktstolee@ncsu.edu,"Rafael Maiani de Mello, Kathryn T. Stolee, Guilherme H. Travassos",Investigating Samples Representativeness for an Online Experiment in Java Code Search.,ESEM,2015: 118-127,https://doi.org/10.1109/ESEM.2015.7321205,inproceedings,,,,
ktstolee@ncsu.edu,"Kathryn T. Stolee, James Saylor, Trevor Lund",Exploring the Benefits of Using Redundant Responses in Crowdsourced Evaluations.,CSI-SE,2015: 38-44,https://doi.org/10.1109/CSI-SE.2015.15,inproceedings,,,,
ktstolee@ncsu.edu,"Yalin Ke, Kathryn T. Stolee, Claire Le Goues, Yuriy Brun",Repairing Programs with Semantic Code Search (T).,ASE,2015: 295-306,https://doi.org/10.1109/ASE.2015.60,inproceedings,,,,
ktstolee@ncsu.edu,"Caitlin Sadowski, Kathryn T. Stolee, Sebastian G. Elbaum",How developers search for code: a case study.,ESEC/SIGSOFT FSE,2015: 191-201,https://doi.org/10.1145/2786805.2786855,inproceedings,,,,
ktstolee@ncsu.edu,"Kathryn T. Stolee, Sebastian G. Elbaum, Daniel Dobos",Solving the Search for Source Code.,ACM Trans. Softw. Eng. Methodol.,23(2014): 26:1-26:45,https://doi.org/10.1145/2581377,article,,,,
ktstolee@ncsu.edu,"Kathryn T. Stolee, Sebastian G. Elbaum, Anita Sarma",Discovering how end-user programmers and their communities use public repositories: A study on Yahoo! Pipes.,Inf. Softw. Technol.,55(2013): 1289-1303,https://doi.org/10.1016/j.infsof.2012.10.004,article,,,,
ktstolee@ncsu.edu,"Kathryn T. Stolee, Sebastian G. Elbaum","Identification, Impact, and Refactoring of Smells in Pipe-Like Web Mashups.",IEEE Trans. Software Eng.,39(2013): 1654-1679,https://doi.org/10.1109/TSE.2013.42,article,,,,
ktstolee@ncsu.edu,"Kathryn T. Stolee, Sebastian G. Elbaum",On the Use of Input/Output Queries for Code Search.,ESEM,2013: 251-254,https://doi.org/10.1109/ESEM.2013.35,inproceedings,,,,
ktstolee@ncsu.edu,Kathryn T. Stolee,Finding suitable programs: Semantic search with incomplete and lightweight specifications.,ICSE,2012: 1571-1574,https://doi.org/10.1109/ICSE.2012.6227034,inproceedings,,,,
ktstolee@ncsu.edu,"Kathryn T. Stolee, Sebastian G. Elbaum",Toward semantic search via SMT solver.,SIGSOFT FSE,2012:25:00,https://doi.org/10.1145/2393596.2393625,inproceedings,,,,
ktstolee@ncsu.edu,"Kathryn T. Stolee, Sebastian G. Elbaum, Anita Sarma",End-User Programmers and their Communities: An Artifact-based Analysis.,ESEM,2011: 147-156,https://doi.org/10.1109/ESEM.2011.23,inproceedings,,,,
ktstolee@ncsu.edu,"Kathryn T. Stolee, Sebastian G. Elbaum",Refactoring pipe-like mashups for end-user programmers.,ICSE,2011: 81-90,https://doi.org/10.1145/1985793.1985805,inproceedings,,,,
ktstolee@ncsu.edu,"Kathryn T. Stolee, Teale Fristoe",Expressing computer science concepts through Kodu game lab.,SIGCSE,2011: 99-104,https://doi.org/10.1145/1953163.1953197,inproceedings,,,,
ktstolee@ncsu.edu,"Kathryn T. Stolee, Sebastian G. Elbaum",Exploring the use of crowdsourcing to support empirical studies in software engineering.,ESEM,2010:,https://doi.org/10.1145/1852786.1852832,inproceedings,,,,
ktstolee@ncsu.edu,"Kathryn T. Stolee, Sebastian G. Elbaum, Gregg Rothermel",Revealing the copy and paste habits of end users.,VL/HCC,2009: 59-66,https://doi.org/10.1109/VLHCC.2009.5295296,inproceedings,,,,
ktstolee@ncsu.edu,"Andhy Koesnandar, Sebastian G. Elbaum, Gregg Rothermel, Lorin Hochstein, Christopher Scaffidi, Kathryn T. Stolee",Using assertions to help end-user programmers create dependable web macros.,SIGSOFT FSE,2008: 124-134,https://doi.org/10.1145/1453101.1453119,inproceedings,,,,
wguezas@ncsu.edu,"Ana Carla Bibiano, Anderson G. Uchôa, Wesley K. G. Assunção, Daniel Tenório Martins de Oliveira, Thelma Elita Colanzi, Silvia Regina Vergilio, Alessandro F. Garcia 0001","Composite refactoring: Representations, characteristics and effects on software projects.",Inf. Softw. Technol.,156(2023): 107134,https://doi.org/10.1016/j.infsof.2022.107134,article,,,,
wguezas@ncsu.edu,"Gabriela Karoline Michelon, Jabier Martinez, Bruno Sotto-Mayor, Aitor Arrieta, Wesley K. G. Assunção, Rui Abreu 0001, Alexander Egyed",Spectrum-based feature localization for families of systems.,J. Syst. Softw.,195(2023): 111532,https://doi.org/10.1016/j.jss.2022.111532,article,,,,
wguezas@ncsu.edu,"Luciano Marchezan, Roland Kretschmer, Wesley K. G. Assunção, Alexander Reder, Alexander Egyed",Generating repairs for inconsistent models.,Softw. Syst. Model.,22(2023): 297-329,https://doi.org/10.1007/s10270-022-00996-0,article,,,,
wguezas@ncsu.edu,"Luciano Marchezan, Wesley K. G. Assunção, Gabriela Karoline Michelon, Alexander Egyed",Do Developers Benefit from Recommendations when Repairing Inconsistent Design Models? a Controlled Experiment.,EASE,2023: 131-140,https://doi.org/10.1145/3593434.3593482,inproceedings,,,,
wguezas@ncsu.edu,"Djonathan Barros, Sven Peldszus, Wesley K. G. Assunção, Thorsten Berger",Editing Support for Software Languages: Implementation Practices in Language Server Protocols (Summary).,Software Engineering,2023: 35-36,https://dl.gi.de/handle/20.500.12116/40127,inproceedings,,,,
wguezas@ncsu.edu,"Stefan Fischer 0006, Gabriela Karoline Michelon, Wesley K. G. Assunção, Rudolf Ramler, Alexander Egyed",Designing a Test Model for a Configurable System: An Exploratory Study of Preprocessor Directives and Feature Toggles.,VaMoS,2023: 31-39,https://doi.org/10.1145/3571788.3571795,inproceedings,,,,
wguezas@ncsu.edu,"Gabriela Karoline Michelon, Wesley K. G. Assunção, Paul Grünbacher, Alexander Egyed",Analysis and Propagation of Feature Revisions in Preprocessor-based Software Product Lines.,SANER,2023: 284-295,https://doi.org/10.1109/SANER56733.2023.00035,inproceedings,,,,
wguezas@ncsu.edu,"Wesley K. G. Assunção, Thelma Elita Colanzi, Luiz Carvalho, Alessandro Garcia 0001, Juliana Alves Pereira, Maria Julia de Lima, Carlos Lucena",Analysis of a many-objective optimization approach for identifying microservices from legacy systems.,Empir. Softw. Eng.,27(2022): 51,https://doi.org/10.1007/s10664-021-10049-7,article,,,,
wguezas@ncsu.edu,"Rodrigo André Ferreira Moreira, Wesley K. G. Assunção, Jabier Martinez, Eduardo Figueiredo 0001",Open-source software product line extraction processes: the ArgoUML-SPL and Phaser cases.,Empir. Softw. Eng.,27(2022): 85,https://doi.org/10.1007/s10664-021-10104-3,article,,,,
wguezas@ncsu.edu,"Gabriela Karoline Michelon, David Obermann, Wesley K. G. Assunção, Lukas Linsbauer, Paul Grünbacher, Stefan Fischer 0006, Roberto E. Lopez-Herrejon, Alexander Egyed",Evolving software system families in space and time with feature revisions.,Empir. Softw. Eng.,27(2022): 112,https://doi.org/10.1007/s10664-021-10108-z,article,,,,
wguezas@ncsu.edu,"Jackson A. Prado Lima, Willian D. F. Mendonça, Silvia R. Vergilio, Wesley K. G. Assunção",Cost-effective learning-based strategies for test case prioritization in continuous integration of highly-configurable software.,Empir. Softw. Eng.,27(2022): 133,https://doi.org/10.1007/s10664-021-10093-3,article,,,,
wguezas@ncsu.edu,"Diego Fernandes da Silva, Luiz Fernando Okada, Wesley K. G. Assunção, Thelma Elita Colanzi",Intensifying the search-based optimization of product line architectures with crossover operators.,Empir. Softw. Eng.,27(2022): 166,https://doi.org/10.1007/s10664-022-10198-3,article,,,,
wguezas@ncsu.edu,"Daniel Oliveira 0005, Wesley K. G. Assunção, Alessandro Garcia 0001, Baldoino Fonseca, Márcio Ribeiro 0001",Developers' perception matters: machine learning to detect developer-sensitive smells.,Empir. Softw. Eng.,27(2022): 195,https://doi.org/10.1007/s10664-022-10234-2,article,,,,
wguezas@ncsu.edu,"Luciano Marchezan, Elder Rodrigues 0001, Wesley Klewerton Guez Assunção, Maicon Bernardino, Fábio Paulo Basso, João Carbonell",Software product line scoping: A systematic literature review.,J. Syst. Softw.,186(2022): 111189,https://doi.org/10.1016/j.jss.2021.111189,article,,,,
wguezas@ncsu.edu,"Willian D. F. Mendonça, Wesley K. G. Assunção, Silvia R. Vergilio",Software Product Line Regression Testing: A Research Roadmap.,ICEIS (2),2022: 81-89,https://doi.org/10.5220/0010959700003179,inproceedings,,,,
wguezas@ncsu.edu,"Luciano Marchezan, Wesley K. G. Assunção, Roland Kretschmer, Alexander Egyed",Change-Oriented Repair Propagation.,ICSSP/ICGSE,2022: 82-92,https://doi.org/10.1145/3529320.3529330,inproceedings,,,,
wguezas@ncsu.edu,"Cosmina Cristina Ratiu, Wesley K. G. Assunção, Rainer Haas, Alexander Egyed",Reactive links across multi-domain engineering models.,MoDELS,2022: 76-86,https://doi.org/10.1145/3550355.3552446,inproceedings,,,,
wguezas@ncsu.edu,"Djonathan Barros, Sven Peldszus, Wesley K. G. Assunção, Thorsten Berger",Editing support for software languages: implementation practices in language server protocols.,MoDELS,2022: 232-243,https://doi.org/10.1145/3550355.3552452,inproceedings,,,,
wguezas@ncsu.edu,"Anderson Oliveira, Willian Nalepa Oizumi, Leonardo da Silva Sousa, Wesley K. G. Assunção, Alessandro F. Garcia 0001, Carlos Lucena, Diego Cedrim",Smell Patterns as Indicators of Design Degradation: Do Developers Agree?,SBES,2022: 311-320,https://doi.org/10.1145/3555228.3555243,inproceedings,,,,
wguezas@ncsu.edu,"Willian D. F. Mendonça, Silvia R. Vergilio, Gabriela Karoline Michelon, Alexander Egyed, Wesley K. G. Assunção",Test2Feature: feature-based test traceability tool for highly configurable software.,SPLC (B),2022: 62-65,https://doi.org/10.1145/3503229.3547031,inproceedings,,,,
wguezas@ncsu.edu,"Luciano Marchezan, Wesley K. G. Assunção, Gabriela Karoline Michelon, Edvin Herac, Alexander Egyed",Code smell analysis in cloned Java variants: the apo-games case study.,SPLC (A),2022: 250-254,https://doi.org/10.1145/3546932.3547015,inproceedings,,,,
wguezas@ncsu.edu,"Luciano Marchezan, Elder Rodrigues 0001, Wesley K. G. Assunção, Maicon Bernardino, Fábio Paulo Basso, João Carbonell",Software product line scoping: a systematic literature review.,SPLC (A),2026:16:00,https://doi.org/10.1145/3546932.3547012,inproceedings,,,,
wguezas@ncsu.edu,"Roberto E. Lopez-Herrejon, Wesley K. G. Assunção, Tewfik Ziadi, Jabier Martinez",REVE 2022: 10th International Workshop on REverse Variability Engineering.,SPLC (A),2026:22:00,https://doi.org/10.1145/3546932.3547016,inproceedings,,,,
wguezas@ncsu.edu,"Jacob Krüger, Wesley K. G. Assunção, Inmaculada Ayala, Sébastien Mosser 0001",International Workshop on Variability Management for Modern Technologies (VM4ModernTech 2022).,SPLC (A),2026:26:00,https://doi.org/10.1145/3546932.3547019,inproceedings,,,,
wguezas@ncsu.edu,"Jabier Martinez, Wesley K. G. Assunção, Daniele Wolfart, Klaus Schmid, Apostolos Ampatzoglou",TD4ViS 2022: 1st International Workshop on Technical Debt for Variability-Intensive Systems.,SPLC (A),2026:27:00,https://doi.org/10.1145/3546932.3547017,inproceedings,,,,
wguezas@ncsu.edu,"Michael Ratzenböck, Paul Grünbacher, Wesley K. G. Assunção, Alexander Egyed, Lukas Linsbauer",Refactoring Product Lines by Replaying Version Histories.,VaMoS,2022: 8:1-8:10,https://doi.org/10.1145/3510466.3510484,inproceedings,,,,
wguezas@ncsu.edu,"Daniel Coutinho, Anderson G. Uchôa, Caio Barbosa, Vinícius Soares, Alessandro F. Garcia 0001, Marcelo Schots, Juliana Alves Pereira, Wesley K. G. Assunção",On the Influential Interactive Factors on Degrees of Design Decay: A Multi-Project Study.,SANER,2022: 753-764,https://doi.org/10.1109/SANER53432.2022.00093,inproceedings,,,,
wguezas@ncsu.edu,"Daniele Wolfart, Wesley K. G. Assunção, Ivonei F. da Silva, Diogo C. P. Domingos, Ederson Schmeing, Guilherme L. Donin Villaca, Diogo Do Nascimento Paza",Modernizing Legacy Systems with Microservices: A Roadmap.,EASE,2021: 149-159,https://doi.org/10.1145/3463274.3463334,inproceedings,,,,
wguezas@ncsu.edu,"Gabriela Karoline Michelon, Wesley K. G. Assunção, David Obermann, Lukas Linsbauer, Paul Grünbacher, Alexander Egyed",The life cycle of features in highly-configurable software systems evolving in space and time.,GPCE,2021: 2-15,https://doi.org/10.1145/3486609.3487195,inproceedings,,,,
wguezas@ncsu.edu,"Ana Carla Bibiano, Wesley K. G. Assunção, Daniel Coutinho, Kleber Santos, Vinícius Soares, Rohit Gheyi, Alessandro Garcia 0001, Baldoino Fonseca, Márcio Ribeiro 0001, Daniel Oliveira 0005, Caio Barbosa, João Lucas Marques, Anderson Oliveira",Look Ahead! Revealing Complete Composite Refactorings and their Smelliness Effects.,ICSME,2021: 298-308,https://doi.org/10.1109/ICSME52107.2021.00033,inproceedings,,,,
wguezas@ncsu.edu,"Anderson G. Uchôa, Caio Barbosa, Daniel Coutinho, Willian Nalepa Oizumi, Wesley K. G. Assunção, Silvia Regina Vergilio, Juliana Alves Pereira, Anderson Oliveira, Alessandro F. Garcia 0001",Predicting Design Impactful Changes in Modern Code Review: A Large-Scale Empirical Study.,MSR,2021: 471-482,https://doi.org/10.1109/MSR52588.2021.00059,inproceedings,,,,
wguezas@ncsu.edu,"Luciano Marchezan, Wesley Klewerton Guez Assunção, João Carbonell, Elder Rodrigues 0001, Maicon Bernardino, Fábio Basso",SPLReePlan - Automated Support for Software Product Line Reengineering Planning.,SBCARS,2021: 1-10,https://doi.org/10.1145/3483899.3483902,inproceedings,,,,
wguezas@ncsu.edu,"Anderson G. Uchôa, Wesley Klewerton Guez Assunção, Alessandro F. Garcia 0001",Do Critical Components Smell Bad? An Empirical Study with Component-based Software Product Lines.,SBCARS,2021: 21-30,https://doi.org/10.1145/3483899.3483907,inproceedings,,,,
wguezas@ncsu.edu,"Thelma Elita Colanzi, Aline Maria Malachini Miotto Amaral, Wesley K. G. Assunção, Arthur Cattaneo Zavadski, Douglas Tanno, Alessandro F. Garcia 0001, Carlos Lucena",Are we speaking the industry language? The practice and literature of modernizing legacy systems with microservices.,SBCARS,2021: 61-70,https://doi.org/10.1145/3483899.3483904,inproceedings,,,,
wguezas@ncsu.edu,"Daniele Wolfart, Wesley Klewerton Guez Assunção, Jabier Martinez","Variability Debt: Characterization, Causes and Consequences.",SBQS,2021:17:00,https://doi.org/10.1145/3493244.3493250,inproceedings,,,,
wguezas@ncsu.edu,"Gabriela Karoline Michelon, David Obermann, Wesley K. G. Assunção, Lukas Linsbauer, Paul Grünbacher, Alexander Egyed","Managing systems evolving in space and time: four challenges for maintenance, evolution and composition of variants.",SPLC (A),2021: 75-80,https://doi.org/10.1145/3461001.3461660,inproceedings,,,,
wguezas@ncsu.edu,"Gabriela Karoline Michelon, Bruno Sotto-Mayor, Jabier Martinez, Aitor Arrieta, Rui Abreu 0001, Wesley K. G. Assunção",Spectrum-based feature localization: a case study using ArgoUML.,SPLC (A),2021: 126-130,https://doi.org/10.1145/3461001.3473065,inproceedings,,,,
wguezas@ncsu.edu,"Wesley K. G. Assunção, Inmaculada Ayala, Jacob Krüger, Sébastien Mosser 0001",International Workshop on Variability Management for Modern Technologies (VM4ModernTech 2021).,SPLC (A),2024:22:00,https://doi.org/10.1145/3461001.3475157,inproceedings,,,,
wguezas@ncsu.edu,"Wesley K. G. Assunção, Roberto E. Lopez-Herrejon, Tewfik Ziadi, Jabier Martinez",REVE 2021: 9th International Workshop on Reverse Variability Engineering.,SPLC (A),2024:23:00,https://doi.org/10.1145/3461001.3473054,inproceedings,,,,
wguezas@ncsu.edu,"Gabriela Karoline Michelon, Lukas Linsbauer, Wesley K. G. Assunção, Stefan Fischer 0006, Alexander Egyed",A Hybrid Feature Location Technique for Re-engineeringSingle Systems into Software Product Lines.,VaMoS,2021: 11:1-11:9,https://doi.org/10.1145/3442391.3442403,inproceedings,,,,
wguezas@ncsu.edu,"Wesley K. G. Assunção, Thelma Elita Colanzi, Luiz Carvalho, Juliana Alves Pereira, Alessandro F. Garcia 0001, Maria Julia de Lima, Carlos Lucena",A Multi-Criteria Strategy for Redesigning Legacy Features as Microservices: An Industrial Case Study.,SANER,2021: 377-387,https://doi.org/10.1109/SANER50967.2021.00042,inproceedings,,,,
wguezas@ncsu.edu,"Wesley K. G. Assunção, Silvia R. Vergilio, Roberto E. Lopez-Herrejon",Automatic extraction of product line architecture and feature models from UML class diagram variants.,Inf. Softw. Technol.,117(2020):,https://doi.org/10.1016/j.infsof.2019.106198,article,,,,
wguezas@ncsu.edu,"Thelma Elita Colanzi, Wesley K. G. Assunção, Silvia R. Vergilio, Paulo Roberto Farah, Giovani Guizzo","The Symposium on Search-Based Software Engineering: Past, Present and Future.",Inf. Softw. Technol.,127(2020): 106372,https://doi.org/10.1016/j.infsof.2020.106372,article,,,,
wguezas@ncsu.edu,"Willian Douglas Ferrari Mendonça, Wesley K. G. Assunção, Lucas V. Estanislau, Silvia R. Vergilio, Alessandro Garcia 0001",Towards a Microservices-Based Product Line with Multi-Objective Evolutionary Algorithms.,CEC,2020: 1-8,https://doi.org/10.1109/CEC48606.2020.9185776,inproceedings,,,,
wguezas@ncsu.edu,"Luiz Carvalho, Alessandro Garcia 0001, Thelma Elita Colanzi, Wesley K. G. Assunção, Maria Julia de Lima, Baldoino Fonseca, Márcio Ribeiro 0001, Carlos Lucena",Search-based many-criteria identification of microservices from legacy systems.,GECCO Companion,2020: 305-306,https://doi.org/10.1145/3377929.3390030,inproceedings,,,,
wguezas@ncsu.edu,"Diego Fernandes da Silva, Luiz Fernando Okada, Thelma Elita Colanzi, Wesley K. G. Assunção",Enhancing search-based product line design with crossover operators.,GECCO,2020: 1250-1258,https://doi.org/10.1145/3377930.3390215,inproceedings,,,,
wguezas@ncsu.edu,"Luiz Carvalho, Alessandro F. Garcia 0001, Thelma Elita Colanzi, Wesley K. G. Assunção, Juliana Alves Pereira, Baldoino Fonseca, Márcio Ribeiro 0001, Maria Julia de Lima, Carlos Lucena",On the Performance and Adoption of Search-Based Microservice Identification with toMicroservices.,ICSME,2020: 569-580,https://doi.org/10.1109/ICSME46990.2020.00060,inproceedings,,,,
wguezas@ncsu.edu,"Luciane Baldo Nicolodi, Thelma Elita Colanzi, Wesley K. G. Assunção",Architectural Feature Re-Modularization for Software Product Line Evolution.,SBCARS,2020: 31-40,https://doi.org/10.1145/3425269.3425271,inproceedings,,,,
wguezas@ncsu.edu,"Daniel Oliveira 0005, Wesley K. G. Assunção, Leonardo Souza, Willian Nalepa Oizumi, Alessandro F. Garcia 0001, Baldoino Fonseca",Applying Machine Learning to Customized Smell Detection: A Multi-Project Study.,SBES,2020: 233-242,https://doi.org/10.1145/3422392.3422427,inproceedings,,,,
wguezas@ncsu.edu,"Jabier Martinez, Daniele Wolfart, Wesley K. G. Assunção, Eduardo Figueiredo 0001",Insights on software product line extraction processes: ArgoUML to ArgoUML-SPL revisited.,SPLC (A),2020: 6:1-6:6,https://doi.org/10.1145/3382025.3414971,inproceedings,,,,
wguezas@ncsu.edu,"Gabriela Karoline Michelon, David Obermann, Lukas Linsbauer, Wesley Klewerton Guez Assunção, Paul Grünbacher, Alexander Egyed",Locating feature revisions in software systems evolving in space and time.,SPLC (A),2020: 14:1-14:11,https://doi.org/10.1145/3382025.3414954,inproceedings,,,,
wguezas@ncsu.edu,"Wesley K. G. Assunção, Jacob Krüger, Willian Douglas Ferrari Mendonça",Variability management meets microservices: six challenges of re-engineering microservice-based webshops.,SPLC (A),2020: 22:1-22:6,https://doi.org/10.1145/3382025.3414942,inproceedings,,,,
wguezas@ncsu.edu,"Luciano Marchezan, João Carbonell, Elder Rodrigues 0001, Maicon Bernardino, Fábio Paulo Basso, Wesley K. G. Assunção",Enhancing the Feature Retrieval Process with Scoping and Tool Support: PAxSPL_v2.,SPLC (B),2020: 29-36,https://doi.org/10.1145/3382026.3425767,inproceedings,,,,
wguezas@ncsu.edu,"Jackson A. Prado Lima, Willian Douglas Ferrari Mendonça, Silvia R. Vergilio, Wesley K. G. Assunção",Learning-based prioritization of test cases in continuous integration of highly-configurable software.,SPLC (A),2020: 31:1-31:11,https://doi.org/10.1145/3382025.3414967,inproceedings,,,,
wguezas@ncsu.edu,"Wesley K. G. Assunção, Mathieu Acher, Tewfik Ziadi, Jabier Martinez",REVE 2020: 8th International Workshop on Reverse Variability Engineering.,SPLC (A),2020:35:01,https://doi.org/10.1145/3382025.3414947,inproceedings,,,,
wguezas@ncsu.edu,"Gabriela Karoline Michelon, David Obermann, Wesley Klewerton Guez Assunção, Lukas Linsbauer, Paul Grünbacher, Alexander Egyed",Mining Feature Revisions in Highly-Configurable Software Systems.,SPLC (B),2020: 74-78,https://doi.org/10.1145/3382026.3425776,inproceedings,,,,
wguezas@ncsu.edu,"Crescencio Lima, Wesley K. G. Assunção, Jabier Martinez, Willian D. F. Mendonça, Ivan do Carmo Machado, Christina von Flach G. Chavez",Product line architecture recovery with outlier filtering in software families: the Apo-Games case study.,J. Braz. Comput. Soc.,25(2019): 7:1-7:17,https://doi.org/10.1186/s13173-019-0088-4,article,,,,
wguezas@ncsu.edu,"Luiz Carvalho, Alessandro Garcia 0001, Wesley K. G. Assunção, Rafael Maiani de Mello, Maria Julia de Lima",Analysis of the criteria adopted in industry to extract microservices.,CESSER-IP@ICSE,2019: 22-29,https://dl.acm.org/citation.cfm?id=3338712,inproceedings,,,,
wguezas@ncsu.edu,"Willian Douglas Ferrari Mendonça, Wesley K. G. Assunção, Silvia R. Vergilio",Reusing Test Cases on Graph Product Line Variants: Results from a State-of-the-Practice Test Data Generation Tool.,SAST,2019: 52-61,https://doi.org/10.1145/3356317.3356318,inproceedings,,,,
wguezas@ncsu.edu,"Luiz Carvalho, Alessandro Garcia 0001, Wesley K. G. Assunção, Rodrigo Bonifácio, Leonardo P. Tizzei, Thelma Elita Colanzi",Extraction of configurable and reusable microservices from legacy systems: an exploratory study.,SPLC (A),2019: 6:1-6:6,https://doi.org/10.1145/3336294.3336319,inproceedings,,,,
wguezas@ncsu.edu,"Gabriela Karoline Michelon, Lukas Linsbauer, Wesley K. G. Assunção, Alexander Egyed",Comparison-based feature location in ArgoUML variants.,SPLC (A),2019: 17:1-17:5,https://doi.org/10.1145/3336294.3342360,inproceedings,,,,
wguezas@ncsu.edu,"Thelma Elita Colanzi, Wesley Klewerton Guez Assunção, Paulo Roberto Farah, Silvia Regina Vergilio, Giovani Guizzo",A Review of Ten Years of the Symposium on Search-Based Software Engineering.,SSBSE,2019: 42-57,https://doi.org/10.1007/978-3-030-27455-9_4,inproceedings,,,,
wguezas@ncsu.edu,"José Luís Barros Justo, Luisa Rincón, Ángela Villota, Wesley K. G. Assunção",Adopting a software product line engineering approach in industrial development contexts: A protocol for a systematic literature review.,CoRR,abs/1904.01861(2019):,http://arxiv.org/abs/1904.01861,article,,,,
wguezas@ncsu.edu,"Crescencio Lima, Wesley K. G. Assunção, Jabier Martinez, Ivan do Carmo Machado, Christina von Flach G. Chavez, Willian Douglas Ferrari Mendonça",Towards an Automated Product Line Architecture Recovery: The Apo-Games Case Study.,SBCARS,2018: 33-42,https://doi.org/10.1145/3267183.3267187,inproceedings,,,,
wguezas@ncsu.edu,"Javan Ataide De Oliveira Junior, Wesley Klewerton Guez Assunção, Daniel Cavalcanti Jeronymo",Multi-objective Tuning of Generalized Predictive Controller: A Trade-Off Between Performance and Robustness.,SBESC,2018: 178-183,https://doi.org/10.1109/SBESC.2018.00034,inproceedings,,,,
wguezas@ncsu.edu,"Willian Douglas Ferrari Mendonça, Wesley K. G. Assunção, Lukas Linsbauer",Multi-objective optimization for reverse engineering of apo-games feature models.,SPLC,2018: 279-283,https://doi.org/10.1145/3233027.3236397,inproceedings,,,,
wguezas@ncsu.edu,"Wesley K. G. Assunção, Roberto E. Lopez-Herrejon, Lukas Linsbauer, Silvia R. Vergilio, Alexander Egyed",Multi-objective reverse engineering of variability-safe feature models based on code dependencies of system variants.,Empir. Softw. Eng.,22(2017): 1763-1794,https://doi.org/10.1007/s10664-016-9462-4,article,,,,
wguezas@ncsu.edu,"Wesley K. G. Assunção, Roberto E. Lopez-Herrejon, Lukas Linsbauer, Silvia R. Vergilio, Alexander Egyed",Reengineering legacy applications into software product lines: a systematic mapping.,Empir. Softw. Eng.,22(2017): 2972-3016,https://doi.org/10.1007/s10664-017-9499-z,article,,,,
wguezas@ncsu.edu,"Wesley K. G. Assunção, Silvia R. Vergilio, Roberto E. Lopez-Herrejon",Discovering Software Architectures with Search-Based Merge of UML Model Variants.,ICSR,2017: 95-111,https://doi.org/10.1007/978-3-319-56856-0_7,inproceedings,,,,
wguezas@ncsu.edu,"Jabier Martinez, Wesley K. G. Assunção, Tewfik Ziadi",ESPLA: A Catalog of Extractive SPL Adoption Case Studies.,SPLC (B),2017: 38-41,https://doi.org/10.1145/3109729.3109748,inproceedings,,,,
wguezas@ncsu.edu,"Roberto Erick Lopez-Herrejon, Lukas Linsbauer, Wesley K. G. Assunção, Stefan Fischer 0006, Silvia Regina Vergilio, Alexander Egyed",Genetic Improvement for Software Product Lines: An Overview and a Roadmap.,GECCO (Companion),2015: 823-830,https://doi.org/10.1145/2739482.2768422,inproceedings,,,,
wguezas@ncsu.edu,"Wesley K. G. Assunção, Roberto Erick Lopez-Herrejon, Lukas Linsbauer, Silvia Regina Vergilio, Alexander Egyed",Extracting Variability-Safe Feature Models from Source Code Dependencies in System Variants.,GECCO,2015: 1303-1310,https://doi.org/10.1145/2739480.2754720,inproceedings,,,,
wguezas@ncsu.edu,Wesley Klewerton Guez Assunção,Search-Based Migration of Model Variants to Software Product Line Architectures.,ICSE (2),2015: 895-898,https://doi.org/10.1109/ICSE.2015.286,inproceedings,,,,
wguezas@ncsu.edu,"Wesley Klewerton Guez Assunção, Thelma Elita Colanzi, Silvia Regina Vergilio, Aurora T. R. Pozo",A multi-objective optimization approach for the integration and test order problem.,Inf. Sci.,267(2014): 119-139,https://doi.org/10.1016/j.ins.2013.12.040,article,,,,
wguezas@ncsu.edu,"Wesley Klewerton Guez Assunção, Thelma Elita Colanzi, Silvia Regina Vergilio, Aurora Trinidad Ramirez Pozo",Evaluating different strategies for integration testing of aspect-oriented programs.,J. Braz. Comput. Soc.,20(2014): 9:1-9:17,https://doi.org/10.1186/1678-4804-20-9,article,,,,
wguezas@ncsu.edu,"Wesley K. G. Assunção, Márcio de Oliveira Barros, Thelma Elita Colanzi, Arilo Claudio Dias-Neto, Matheus Henrique Esteves Paixão, Jerffeson Teixeira de Souza, Silvia Regina Vergilio",A mapping study of the Brazilian SBSE community.,J. Softw. Eng. Res. Dev.,2(2014): 3,https://doi.org/10.1186/2195-1721-2-3,article,,,,
wguezas@ncsu.edu,"Wesley Klewerton Guez Assunção, Silvia Regina Vergilio",Feature location for software product line migration: a mapping study.,SPLC Workshops,2014: 52-59,https://doi.org/10.1145/2647908.2655967,inproceedings,,,,
wguezas@ncsu.edu,"Thelma Elita Colanzi, Wesley Klewerton Guez Assunção, Daniela de Freitas Guilhermino Trindade, Carlos Alberto Zorzo, Silvia Regina Vergilio",Evaluating Different Strategies for Testing Software Product Lines.,J. Electron. Test.,29(2013): 9-24,https://doi.org/10.1007/s10836-012-5343-y,article,,,,
wguezas@ncsu.edu,"Thelma Elita Colanzi, Silvia Regina Vergilio, Wesley Klewerton Guez Assunção, Aurora T. R. Pozo",Search Based Software Engineering: Review and analysis of the field in Brazil.,J. Syst. Softw.,86(2013): 970-984,https://doi.org/10.1016/j.jss.2012.07.041,article,,,,
wguezas@ncsu.edu,"Wesley Klewerton Guez Assunção, Thelma Elita Colanzi, Silvia Regina Vergilio, Aurora Trinidad Ramirez Pozo",Generating Integration Test Orders for Aspect Oriented Software with Multi-objective Algorithms.,RITA,20(2013): 301-327,https://doi.org/10.22456/2175-2745.25720,article,,,,
wguezas@ncsu.edu,"Wesley Klewerton Guez Assunção, Silvia Regina Vergilio",A Multi-objective Solution for Retrieving Class Diagrams.,BRACIS,2013: 249-255,https://doi.org/10.1109/BRACIS.2013.49,inproceedings,,,,
wguezas@ncsu.edu,"Wesley Klewerton Guez Assunção, Thelma Elita Colanzi, Silvia Regina Vergilio, Aurora T. R. Pozo",Determining Integration and Test Orders in the Presence of Modularization Restrictions.,SBES,2013: 31-40,https://doi.org/10.1109/SBES.2013.5,inproceedings,,,,
wguezas@ncsu.edu,"Wesley Klewerton Guez Assunção, Silvia Regina Vergilio",Class Diagram Retrieval with Particle Swarm Optimization.,SEKE,2013: 632-637,,inproceedings,,,,
wguezas@ncsu.edu,"Wesley Klewerton Guez Assunção, Thelma Elita Colanzi, Silvia Regina Vergilio, Aurora T. R. Pozo",On the Application of the Multi-Evolutionary and Coupling-Based Approach with Different Aspect-Class Integration Testing Strategies.,SSBSE,2013: 19-33,https://doi.org/10.1007/978-3-642-39742-4_4,inproceedings,,,,
wguezas@ncsu.edu,"Thelma Elita Colanzi, Wesley Klewerton Guez Assunção, Aurora Trinidad Ramirez Pozo, Ana Cristina B. Kochem Vendramin, Diogo Augusto Barros Pereira, Carlos Alberto Zorzo, Pedro Luiz de Paula Filho",Application of Bio-inspired Metaheuristics in the Data Clustering Problem.,CLEI Electron. J.,14(2011):,https://doi.org/10.19153/cleiej.14.3.5,article,,,,
wguezas@ncsu.edu,"Wesley Klewerton Guez Assunção, Thelma Elita Colanzi, Aurora Trinidad Ramirez Pozo, Silvia Regina Vergilio",Establishing integration test orders of classes with several coupling measures.,GECCO,2011: 1867-1874,https://doi.org/10.1145/2001576.2001827,inproceedings,,,,
wguezas@ncsu.edu,"Silvia Regina Vergilio, Thelma Elita Colanzi, Aurora Trinidad Ramirez Pozo, Wesley Klewerton Guez Assunção",Search Based Software Engineering: A Review from the Brazilian Symposium on Software Engineering.,SBES,2011: 50-55,https://doi.org/10.1109/SBES.2011.13,inproceedings,,,,TRUE
wguezas@ncsu.edu,"Thelma Elita Colanzi, Wesley Klewerton Guez Assunção, Silvia Regina Vergilio, Aurora T. R. Pozo",Integration Test of Classes and Aspects with a Multi-Evolutionary and Coupling-Based Approach.,SSBSE,2011: 188-203,https://doi.org/10.1007/978-3-642-23716-4_18,inproceedings,,,,TRUE
wguezas@ncsu.edu,"Thelma Elita Colanzi, Wesley Klewerton Guez Assunção, Aurora Trinidad Ramirez Pozo, Ana Cristina B. Kochem Vendramin, Diogo Augusto Barros Pereira",Empirical Studies on Application of Genetic Algorithms and Ant Colony Optimization for Data Clustering.,SCCC,2010: 1-10,https://doi.org/10.1109/SCCC.2010.19,inproceedings,,,,
bxu22@ncsu.edu,"Bowen Xu, Wenrui Wang, Lingyun Ye, Kaichen Song",Bidirectional Single Longitudinal Mode Er-Doped Fiber Ring Laser Using a Bandpass Filter and Cascaded Fiber Ring Filter.,IEEE Access,11(2023): 53899-53906,https://doi.org/10.1109/ACCESS.2023.3278053,article,,,,
bxu22@ncsu.edu,"Bowen Xu, Suxia Jiang, Zhichao Shen, Xiaoliang Zhu, Tao Liang",Numerical spiking neural P systems with weights.,J. Membr. Comput.,5(2023): 12-24,https://doi.org/10.1007/s41965-022-00116-3,article,,,,
bxu22@ncsu.edu,"Suxia Jiang, Zhichao Shen, Bowen Xu, Xiaoliang Zhu, Tao Liang",Spiking neural P systems with polarizations and astrocytes.,J. Membr. Comput.,5(2023): 55-68,https://doi.org/10.1007/s41965-023-00119-8,article,,,,
bxu22@ncsu.edu,"Meng Shi, Ziyu Huang, Guowen Xiao, Bowen Xu, Quansheng Ren, Hong Zhao",Estimating the Depth of Anesthesia from EEG Signals Based on a Deep Residual Shrinkage Network.,Sensors,23(2023): 1008,https://doi.org/10.3390/s23021008,article,,,,
bxu22@ncsu.edu,"Wenrui Wang, Bowen Xu, Lingyun Ye, Kaichen Song",Intensity Equalization of Bidirectional Fiber Laser Based on a Non-Reciprocal Optical Attenuator.,Sensors,23(2023): 4360,https://doi.org/10.3390/s23094360,article,,,,
bxu22@ncsu.edu,"Maxime Cordy, Xiaofei Xie, Bowen Xu, Bibi Stamatia",MaLTeSQuE 2022 Workshop Summary.,ACM SIGSOFT Softw. Eng. Notes,48(2023): 95-96,https://doi.org/10.1145/3573074.3573099,article,,,,
bxu22@ncsu.edu,"Bowen Xu, Hai-Tao Zhang, Yong Ding 0004, Wei Ren 0001",Event-Triggered Surrounding Formation Control of Multiagent Systems for Multiple Dynamic Targets.,IEEE Trans. Control. Netw. Syst.,10(2023): 752-764,https://doi.org/10.1109/TCNS.2022.3210291,article,,,,
bxu22@ncsu.edu,"Suxia Jiang, Bowen Xu, Tao Liang, Xiaoliang Zhu, Tingfang Wu",Numerical spiking neural P systems with production functions on synapses.,Theor. Comput. Sci.,940(2023): 80-89,https://doi.org/10.1016/j.tcs.2022.09.021,article,,,,
bxu22@ncsu.edu,"Bowen Xu, Fanghong Guo, Lantao Xing, Yu Wang 0071, Wen-an Zhang 0001",Accelerated and Adaptive Power Scheduling for More Electric Aircraft Via Hybrid Learning.,IEEE Trans. Ind. Electron.,70(2023): 833-845,https://doi.org/10.1109/TIE.2022.3150107,article,,,,
bxu22@ncsu.edu,"Hai-Tao Zhang, Hao Xu, Bowen Xu, Yue Wu, Jian Huang 0001, Qing-Long Han",Adaptive Learning-Based Distributed Control of Cooperative Robot Arm Manipulation for Unknown Objects.,IEEE Trans. Syst. Man Cybern. Syst.,53(2023): 1298-1307,https://doi.org/10.1109/TSMC.2022.3197664,article,,,,
bxu22@ncsu.edu,"Zhou Yang 0003, Bowen Xu, Jie M. Zhang, Hong Jin Kang, Jieke Shi, Junda He, David Lo 0001",Stealthy Backdoor Attack for Code Models.,CoRR,abs/2301.02496(2023):,https://doi.org/10.48550/arXiv.2301.02496,article,,,,
bxu22@ncsu.edu,"Zhou Yang 0003, Jieke Shi, Muhammad Hilmi Asyrofi, Bowen Xu, Xin Zhou, DongGyun Han, David Lo 0001",Prioritizing Speech Test Cases.,CoRR,abs/2302.00330(2023):,https://doi.org/10.48550/arXiv.2302.00330,article,,,,
bxu22@ncsu.edu,"Bowen Xu, Mingtao Chen, Wenlong Guan, Lulu Hu",Efficient Teacher: Semi-Supervised Object Detection for YOLOv5.,CoRR,abs/2302.07577(2023):,https://doi.org/10.48550/arXiv.2302.07577,article,,,,
bxu22@ncsu.edu,"Xin Zhou, Bowen Xu, Kisub Kim, DongGyun Han, Thanh Le-Cong, Junda He, Bach Le, David Lo 0001",PatchZero: Zero-Shot Automatic Patch Correctness Assessment.,CoRR,abs/2303.00202(2023):,https://doi.org/10.48550/arXiv.2303.00202,article,,,,
bxu22@ncsu.edu,"Aftab Hussain 0001, Md. Rafiqul Islam Rabin, Bowen Xu, David Lo 0001, Mohammad Amin Alipour",A Study of Variable-Role-based Feature Enrichment in Neural Models of Code.,CoRR,abs/2303.04942(2023):,https://doi.org/10.48550/arXiv.2303.04942,article,,,,
bxu22@ncsu.edu,"Junda He, Zhou Xin, Bowen Xu, Ting Zhang, Kisub Kim, Zhou Yang 0003, Ferdian Thung, Ivana Clairine Irsan, David Lo 0001",Representation Learning for Stack Overflow Posts: How Far are We?,CoRR,abs/2303.06853(2023):,https://doi.org/10.48550/arXiv.2303.06853,article,,,,
bxu22@ncsu.edu,"Xin Zhou, Kisub Kim, Bowen Xu, DongGyun Han, Junda He, David Lo 0001",Generation-based Code Review Automation: How Far Are We?,CoRR,abs/2303.07221(2023):,https://doi.org/10.48550/arXiv.2303.07221,article,,,,
bxu22@ncsu.edu,"Yuanyuan Yang, Bowen Xu, Yinjie Li, Sören Schwertfeger",The SLAM Hive Benchmarking Suite.,CoRR,abs/2303.11854(2023):,https://doi.org/10.48550/arXiv.2303.11854,article,,,,
bxu22@ncsu.edu,"Fu-Long Hu, Hai-Tao Zhang, Bowen Xu, Zhe Hu, Wei Ren 0001",Minimal-time Deadbeat Consensus and Individual Disagreement Degree Prediction for High-order Linear Multi-agent Systems.,CoRR,abs/2304.06224(2023):,https://doi.org/10.48550/arXiv.2304.06224,article,,,,
bxu22@ncsu.edu,"Aftab Hussain 0001, Md. Rafiqul Islam Rabin, Toufique Ahmed, Bowen Xu, Prem Devanbu, Mohammad Amin Alipour",A Survey of Trojans in Neural Models of Source Code: Taxonomy and Techniques.,CoRR,abs/2305.03803(2023):,https://doi.org/10.48550/arXiv.2305.03803,article,,,,
bxu22@ncsu.edu,"Zhengyu Hua, Bowen Xu, Li Xing, Fengyu Quan, Xiaogang Xiong, Haoyao Chen",Proxy-based Super Twisting Control Algorithm for Aerial Manipulators.,CoRR,abs/2305.04031(2023):,https://doi.org/10.48550/arXiv.2305.04031,article,,,,
bxu22@ncsu.edu,"Caiyue Zhang, Zipin Liu, Bowen Xu",Simulation of Non-inductive Vector Control of Permanent Magnet Synchronous Motor Based on Sliding Mode Observer.,CoRR,abs/2305.04046(2023):,https://doi.org/10.48550/arXiv.2305.04046,article,,,,
bxu22@ncsu.edu,"Truong Giang Nguyen, Thanh Le-Cong, Hong Jin Kang, Ratnadira Widyasari, Chengran Yang, Zhipeng Zhao, Bowen Xu, Jiayuan Zhou, Xin Xia 0001, Ahmed E. Hassan, Xuan-Bach Dinh Le, David Lo 0001",Multi-Granularity Detector for Vulnerability Fixes.,CoRR,abs/2305.13884(2023):,https://doi.org/10.48550/arXiv.2305.13884,article,,,,
bxu22@ncsu.edu,"Hengliang Guo, Bowen Xu, Hong Yang, Bingyang Li, Yuanyuan Yue, Shan Zhao",CUDA-based parallelization of time-weighted dynamic time warping algorithm for time series analysis of remote sensing data.,Comput. Geosci.,164(2022): 105122,https://doi.org/10.1016/j.cageo.2022.105122,article,,,,
bxu22@ncsu.edu,"Suxia Jiang, Yijun Liu, Bowen Xu, Junwei Sun, Yanfeng Wang",Asynchronous numerical spiking neural P systems.,Inf. Sci.,605(2022): 1-14,https://doi.org/10.1016/j.ins.2022.04.054,article,,,,
bxu22@ncsu.edu,"Guoqing Ma, Yanan Zhao, Bowen Xu, Lili Li, Taihan Wang",High-Precision Joint Magnetization Vector Inversion Method of Airborne Magnetic and Gradient Data with Structure and Data Double Constraints.,Remote. Sens.,14(2022): 2508,https://doi.org/10.3390/rs14102508,article,,,,
bxu22@ncsu.edu,"Naizheng Jia, Haoran Shu, Xinheng Wang 0001, Bowen Xu, Yuzhang Xi, Can Xue, Youming Liu, Zhi Wang",Smartphone-Based Social Distance Detection Technology with Near-Ultrasonic Signal.,Sensors,22(2022): 7345,https://doi.org/10.3390/s22197345,article,,,,
bxu22@ncsu.edu,"Xiangbo Cui, Bowen Xu",State of Charge Estimation of Lithium-Ion Battery Using Robust Kernel Fuzzy Model and Multi-Innovation UKF Algorithm Under Noise.,IEEE Trans. Ind. Electron.,69(2022): 11121-11131,https://doi.org/10.1109/TIE.2021.3121774,article,,,,
bxu22@ncsu.edu,"Bowen Xu, Fanghong Guo, Wen-An Zhang 0001, Guoqi Li, Changyun Wen",E$^2$ DNet: An Ensembling Deep Neural Network for Solving Nonconvex Economic Dispatch in Smart Grid.,IEEE Trans. Ind. Informatics,18(2022): 3066-3076,https://doi.org/10.1109/TII.2021.3105361,article,,,,
bxu22@ncsu.edu,"Fanghong Guo, Bowen Xu, Wen-an Zhang 0001, Changyun Wen, Dan Zhang 0001, Li Yu 0001",Training Deep Neural Network for Optimal Power Allocation in Islanded Microgrid Systems: A Distributed Learning-Based Approach.,IEEE Trans. Neural Networks Learn. Syst.,33(2022): 2057-2069,https://doi.org/10.1109/TNNLS.2021.3054778,article,,,,
bxu22@ncsu.edu,"Bowen Xu, Thong Hoang, Abhishek Sharma 0002, Chengran Yang, Xin Xia 0001, David Lo 0001",Post2Vec: Learning Distributed Representations of Stack Overflow Posts.,IEEE Trans. Software Eng.,48(2022): 3423-3441,https://doi.org/10.1109/TSE.2021.3093761,article,,,,
bxu22@ncsu.edu,"Bowen Xu, Hai-Tao Zhang, Haofei Meng, Binbin Hu, Duxin Chen, Guanrong Chen",Moving Target Surrounding Control of Linear Multiagent Systems With Input Saturation.,IEEE Trans. Syst. Man Cybern. Syst.,52(2022): 1705-1715,https://doi.org/10.1109/TSMC.2020.3030706,article,,,,
bxu22@ncsu.edu,"Chen Gong 0005, Zhou Yang 0003, Yunpeng Bai, Jieke Shi, Arunesh Sinha, Bowen Xu, David Lo 0001, Xinwen Hou, Guoliang Fan",Curiosity-Driven and Victim-Aware Adversarial Policies.,ACSAC,2022: 186-200,https://doi.org/10.1145/3564625.3564636,inproceedings,,,,
bxu22@ncsu.edu,"Bowen Xu, Quansheng Ren",Artificial Open World for Evaluating AGI: A Conceptual Design.,AGI,2022: 452-463,https://doi.org/10.1007/978-3-031-19907-3_43,inproceedings,,,,
bxu22@ncsu.edu,"Bowen Xu, Wenqiang Zhang",Selective Scale Cascade Attention Network for Breast Cancer Histopathology Image Classification.,ICASSP,2022: 1396-1400,https://doi.org/10.1109/ICASSP43922.2022.9746533,inproceedings,,,,
bxu22@ncsu.edu,"Junda He, Bowen Xu, Zhou Yang 0003, DongGyun Han, Chengran Yang, David Lo 0001",PTM4Tag: sharpening tag recommendation of stack overflow posts with pre-trained models.,ICPC,2022: 1-11,https://doi.org/10.1145/3524610.3527897,inproceedings,,,,
bxu22@ncsu.edu,"Chengran Yang, Bowen Xu, Ferdian Thung, Yucen Shi, Ting Zhang, Zhou Yang 0003, Xin Zhou, Jieke Shi, Junda He, DongGyun Han, David Lo 0001",Answer Summarization for Technical Queries: Benchmark and New Approach.,ASE,2022: 8:1-8:13,https://doi.org/10.1145/3551349.3560421,inproceedings,,,,
bxu22@ncsu.edu,"Jieke Shi, Zhou Yang 0003, Bowen Xu, Hong Jin Kang, David Lo 0001",Compressing Pre-trained Models of Code into 3 MB.,ASE,2022: 24:1-24:12,https://doi.org/10.1145/3551349.3556964,inproceedings,,,,
bxu22@ncsu.edu,"Yucen Shi, Ying Yin, Zhengkui Wang, David Lo 0001, Tao Zhang 0001, Xin Xia 0001, Yuhai Zhao, Bowen Xu",How to better utilize code graphs in semantic code search?,ESEC/SIGSOFT FSE,2022: 722-733,https://doi.org/10.1145/3540250.3549087,inproceedings,,,,
bxu22@ncsu.edu,"Chengran Yang, Bowen Xu, Junaed Younus Khan, Gias Uddin 0001, DongGyun Han, Zhou Yang 0003, David Lo 0001",Aspect-Based API Review Classification: How Far Can Pre-Trained Transformer Model Go?,SANER,2022: 385-395,https://doi.org/10.1109/SANER53432.2022.00054,inproceedings,,,,
bxu22@ncsu.edu,"Jieke Shi, Zhou Yang 0003, Junda He, Bowen Xu, David Lo 0001",Can Identifier Splitting Improve Open-Vocabulary Language Model of Code?,SANER,2022: 1134-1138,https://doi.org/10.1109/SANER53432.2022.00130,inproceedings,,,,
bxu22@ncsu.edu,"Jieke Shi, Zhou Yang 0003, Junda He, Bowen Xu, David Lo 0001",Can Identifier Splitting Improve Open-Vocabulary Language Model of Code?,CoRR,abs/2201.01988(2022):,https://arxiv.org/abs/2201.01988,article,,,,
bxu22@ncsu.edu,"Chengran Yang, Bowen Xu, Junaed Younus Khan, Gias Uddin 0001, DongGyun Han, Zhou Yang 0003, David Lo 0001",Aspect-Based API Review Classification: How Far Can Pre-Trained Transformer Model Go?,CoRR,abs/2201.11327(2022):,https://arxiv.org/abs/2201.11327,article,,,,
bxu22@ncsu.edu,"Junda He, Bowen Xu, Zhou Yang 0003, DongGyun Han, Chengran Yang, David Lo 0001",PTM4Tag: Sharpening Tag Recommendation of Stack Overflow Posts with Pre-trained Models.,CoRR,abs/2203.10965(2022):,https://doi.org/10.48550/arXiv.2203.10965,article,,,,
bxu22@ncsu.edu,"Bowen Xu, Quansheng Ren",Artificial Open World for Evaluating AGI: a Conceptual Design.,CoRR,abs/2206.01044(2022):,https://doi.org/10.48550/arXiv.2206.01044,article,,,,
bxu22@ncsu.edu,"Bowen Xu, Jiakun Xu, Nan Xue 0001, Gui-Song Xia",Accurate Polygonal Mapping of Buildings in Satellite Imagery.,CoRR,abs/2208.00609(2022):,https://doi.org/10.48550/arXiv.2208.00609,article,,,,
bxu22@ncsu.edu,"Jieke Shi, Zhou Yang 0003, Bowen Xu, Hong Jin Kang, David Lo 0001",Compressing Pre-trained Models of Code into 3 MB.,CoRR,abs/2208.07120(2022):,https://doi.org/10.48550/arXiv.2208.07120,article,,,,
bxu22@ncsu.edu,"Chengran Yang, Bowen Xu, Ferdian Thung, Yucen Shi, Ting Zhang, Zhou Yang 0003, Xin Zhou, Jieke Shi, Junda He, DongGyun Han, David Lo 0001",Answer Summarization for Technical Queries: Benchmark and New Approach.,CoRR,abs/2209.10868(2022):,https://doi.org/10.48550/arXiv.2209.10868,article,,,,
bxu22@ncsu.edu,"Chen Gong 0005, Zhou Yang 0003, Yunpeng Bai, Junda He, Jieke Shi, Arunesh Sinha, Bowen Xu, Xinwen Hou, Guoliang Fan, David Lo 0001",Mind Your Data! Hiding Backdoors in Offline Reinforcement Learning Datasets.,CoRR,abs/2210.04688(2022):,https://doi.org/10.48550/arXiv.2210.04688,article,,,,
bxu22@ncsu.edu,"Ting Zhang, DongGyun Han, Venkatesh Vinayakarao, Ivana Clairine Irsan, Bowen Xu, Ferdian Thung, David Lo 0001, Lingxiao Jiang",Duplicate Bug Report Detection: How Far Are We?,CoRR,abs/2212.00548(2022):,https://doi.org/10.48550/arXiv.2212.00548,article,,,,
bxu22@ncsu.edu,"Bodong Shang, Lingjia Liu 0001, Hao Song 0001, Bowen Xu, Scott Pudlewski, Elizabeth Serena Bentley","Trade-Offs in Reliability, Latency, and Energy for Random Network Coding-Enabled Networks.",IEEE Commun. Lett.,25(2021): 2768-2772,https://doi.org/10.1109/LCOMM.2021.3081686,article,,,,
bxu22@ncsu.edu,"Fanghong Guo, Bowen Xu, Lantao Xing, Wen-an Zhang 0001, Changyun Wen, Li Yu 0001",An Alternative Learning-Based Approach for Economic Dispatch in Smart Grid.,IEEE Internet Things J.,8(2021): 15024-15036,https://doi.org/10.1109/JIOT.2021.3072840,article,,,,
bxu22@ncsu.edu,"Bowen Xu, Fanghong Guo, Wen-An Zhang 0001, Wei Wang 0016, Changyun Wen, Zhengguo Li",Distributed Successive Convex Approximation for Nonconvex Economic Dispatch in Smart Grid.,IEEE Trans. Ind. Informatics,17(2021): 8288-8298,https://doi.org/10.1109/TII.2021.3062040,article,,,,
bxu22@ncsu.edu,"Bowen Xu, Xinyi Zhan, Quansheng Ren",The Gap Between Intelligence and Mind.,AGI,2021: 292-305,https://doi.org/10.1007/978-3-030-93758-4_31,inproceedings,,,,
bxu22@ncsu.edu,"Guowen Xiao, Mengwen Ye, Bowen Xu, Zhendi Chen, Quansheng Ren",4D Attention-based Neural Network for EEG Emotion Recognition.,CoRR,abs/2101.05484(2021):,https://arxiv.org/abs/2101.05484,article,,,,
bxu22@ncsu.edu,"Bowen Xu, Fanghong Guo, Changyun Wen, Wen-An Zhang 0001",Stealthy False Data Injection Attack Detection in Smart Grids with Uncertainties: A Deep Transfer Learning Based Approach.,CoRR,abs/2104.06307(2021):,https://arxiv.org/abs/2104.06307,article,,,,
bxu22@ncsu.edu,"Rui Man, Ping Yang, Bowen Xu",Classification of Breast Cancer Histopathological Images Using Discriminative Patches Screened by Generative Adversarial Networks.,IEEE Access,8(2020): 155362-155377,https://doi.org/10.1109/ACCESS.2020.3019327,article,,,,
bxu22@ncsu.edu,"Bowen Xu, Xinjiang Lu",An Online Adaptive Control Strategy for Trajectory Tracking of Quadrotors Based on Fuzzy Approximation and Robust Sliding Mode Algorithm.,IEEE Access,8(2020): 215327-215342,https://doi.org/10.1109/ACCESS.2020.3039546,article,,,,
bxu22@ncsu.edu,"Chen Cao, Bowen Xu, Xuebin Li",Monitoring Method on Loosened State and Deformational Fault of Transformer Winding Based on Vibration and Reactance Information.,IEEE Access,8(2020): 215479-215492,https://doi.org/10.1109/ACCESS.2020.3039529,article,,,,
bxu22@ncsu.edu,"Bowen Xu, Le An, Ferdian Thung, Foutse Khomh, David Lo 0001",Why reinventing the wheels? An empirical study on library reuse and re-implementation.,Empir. Softw. Eng.,25(2020): 755-789,https://doi.org/10.1007/s10664-019-09771-0,article,,,,
bxu22@ncsu.edu,"Bowen Xu, Xin Xu, Quanwei Cai 0001, Wei Wang 0314, Qiongxiao Wang",On the Verification of Signed Messages.,ACNS Workshops,2020: 417-434,https://doi.org/10.1007/978-3-030-61638-0_23,inproceedings,,,,
bxu22@ncsu.edu,"Bowen Xu, Yankai Wang, Dawei Yang, Wei Zhang 0056, Ye Zhang, Yajie Kong, Wenqiang Zhang",Maximal Information Complemented Refinement Network for Gland Instance Segmentation.,BIBM,2020: 972-975,https://doi.org/10.1109/BIBM49941.2020.9313415,inproceedings,,,,
bxu22@ncsu.edu,"Suxia Jiang, Yijun Liu, Tao Liang, Bowen Xu, Liying Jiang, Yanfeng Wang",Reversible Spiking Neural P Systems with Anti-spikes.,BIC-TA,2020: 513-533,https://doi.org/10.1007/978-981-16-1354-8_37,inproceedings,,,,
bxu22@ncsu.edu,"Ting Zhang, Bowen Xu, Ferdian Thung, Stefanus Agus Haryono, David Lo 0001, Lingxiao Jiang",Sentiment Analysis for Software Engineering: How Far Can Pre-trained Transformer Models Go?,ICSME,2020: 70-80,https://doi.org/10.1109/ICSME46990.2020.00017,inproceedings,,,,
bxu22@ncsu.edu,"Wenhao Xie, Xiaoyan Wang, Bowen Xu",An Improved K-Means Clustering Algorithm Based on Density Selection.,SPIoT (2),2020: 601-607,https://doi.org/10.1007/978-3-030-62746-1_88,inproceedings,,,,
bxu22@ncsu.edu,"Guodong Zhang, Chaoqi Wang, Bowen Xu, Roger B. Grosse",Three Mechanisms of Weight Decay Regularization.,ICLR (Poster),2019:,https://openreview.net/forum?id=B1lz-3Rct7,inproceedings,,,,
bxu22@ncsu.edu,"Bowen Xu, Weiheng Li, Yinjie Ni, Haozhen Chi, Wenjuan Ouyang",Adaptive Locomotion Generation for a Bionic Hexapod Robot.,IECON,2019: 5173-5178,https://doi.org/10.1109/IECON.2019.8926833,inproceedings,,,,
bxu22@ncsu.edu,"Qingye Wang, Bowen Xu, Xin Xia 0001, Ting Wang 0004, Shanping Li",Duplicate Pull Request Detection: When Time Matters.,Internetware,2019: 8:1-8:10,https://doi.org/10.1145/3361242.3361254,inproceedings,,,,
bxu22@ncsu.edu,"Heng-Yi Li, Shu-Ting Shi, Ferdian Thung, Xuan Huo, Bowen Xu, Ming Li 0005, David Lo 0001",DeepReview: Automatic Code Review Using Deep Multi-instance Learning.,PAKDD (2),2019: 318-330,https://doi.org/10.1007/978-3-030-16145-3_25,inproceedings,,,,
bxu22@ncsu.edu,"Liang Cai, Haoye Wang, Bowen Xu, Qiao Huang, Xin Xia 0001, David Lo 0001, Zhenchang Xing",AnswerBot: an answer summary generation tool based on stack overflow.,ESEC/SIGSOFT FSE,2019: 1134-1138,https://doi.org/10.1145/3338906.3341186,inproceedings,,,,
bxu22@ncsu.edu,"Amirreza Shirani, Bowen Xu, David Lo 0001, Thamar Solorio, Amin Alipour","Question Relatedness on Stack Overflow: The Task, Dataset, and Corpus-inspired Models.",CoRR,abs/1905.01966(2019):,http://arxiv.org/abs/1905.01966,article,,,,
bxu22@ncsu.edu,"Qixuan Zhang, Bowen Xu, Haotian Jing, Zeyu Zheng",Ques-Chain: an Ethereum Based E-Voting System.,CoRR,abs/1905.05041(2019):,http://arxiv.org/abs/1905.05041,article,,,,
bxu22@ncsu.edu,"Bowen Xu, Zhenchang Xing, Xin Xia 0001, David Lo 0001, Shanping Li",Domain-specific cross-language relevant question retrieval.,Empir. Softw. Eng.,23(2018): 1084-1122,https://doi.org/10.1007/s10664-017-9568-3,article,,,,
bxu22@ncsu.edu,"Huihui Ji, Hai-Tao Zhang, Zhiyong Ye, He Zhang 0002, Bowen Xu, Guanrong Chen",Stochastic Consensus Control of Second-Order Nonlinear Multiagent Systems With External Disturbances.,IEEE Trans. Control. Netw. Syst.,5(2018): 1585-1596,https://doi.org/10.1109/TCNS.2017.2736959,article,,,,
bxu22@ncsu.edu,"Bowen Xu, Amirreza Shirani, David Lo 0001, Mohammad Amin Alipour",Prediction of relatedness in stack overflow: deep learning vs. SVM: a reproducibility study.,ESEM,2018: 21:1-21:10,https://doi.org/10.1145/3239235.3240503,inproceedings,,,,
bxu22@ncsu.edu,"Bowen Xu, Haofei Meng, Duxin Chen, Hai-Tao Zhang",Semi-global Leaderless Consensus of Circular Motion with Input Saturation.,ICIRA (1),2018: 27-38,https://doi.org/10.1007/978-3-319-97586-3_2,inproceedings,,,,
bxu22@ncsu.edu,"Zachary Nado, Jasper Snoek, Roger B. Grosse, David Duvenaud, Bowen Xu, James Martens",Stochastic Gradient Langevin dynamics that Exploit Neural Network Structure.,ICLR (Workshop),2018:,https://openreview.net/forum?id=ry-Se9kvG,inproceedings,,,,
bxu22@ncsu.edu,"Guodong Zhang, Chaoqi Wang, Bowen Xu, Roger B. Grosse",Three Mechanisms of Weight Decay Regularization.,CoRR,abs/1810.12281(2018):,http://arxiv.org/abs/1810.12281,article,,,,
bxu22@ncsu.edu,"Xiaoping Wang 0001, Bowen Xu, Lin Chen",Efficient Memristor Model Implementation for Simulation and Application.,IEEE Trans. Comput. Aided Des. Integr. Circuits Syst.,36(2017): 1226-1230,https://doi.org/10.1109/TCAD.2017.2648844,article,,,,
bxu22@ncsu.edu,"Bowen Xu, Xingliang Xu, Chung-Ming Own",On the feature detection of nonconforming objects with automated drone surveillance.,ICCIP,2017: 484-489,https://doi.org/10.1145/3162957.3163039,inproceedings,,,,
bxu22@ncsu.edu,"Bowen Xu, Hui Wang 0031, Huizhong Sun, Yubin Wang",Design of a bidirectional power converter for charging pile based on V2G.,ICIT,2017: 527-531,https://doi.org/10.1109/ICIT.2017.7915413,inproceedings,,,,
bxu22@ncsu.edu,"Bowen Xu, Zhenchang Xing, Xin Xia 0001, David Lo 0001",AnswerBot: automated generation of answer summary to developersź technical questions.,ASE,2017: 706-716,https://doi.org/10.1109/ASE.2017.8115681,inproceedings,,,,
bxu22@ncsu.edu,"Bowen Xu, Zhenchang Xing, Xin Xia 0001, David Lo 0001, Xuan-Bach Dinh Le",XSearch: a domain-specific cross-language relevant question retrieval tool.,ESEC/SIGSOFT FSE,2017: 1009-1013,https://doi.org/10.1145/3106237.3122820,inproceedings,,,,
bxu22@ncsu.edu,"Bowen Xu, Deheng Ye, Zhenchang Xing, Xin Xia 0001, Guibin Chen, Shanping Li",Predicting semantically linkable knowledge in developer online forums via convolutional neural network.,ASE,2016: 51-62,https://doi.org/10.1145/2970276.2970357,inproceedings,,,,
bxu22@ncsu.edu,"Guibin Chen, Chunyang Chen, Zhenchang Xing, Bowen Xu",Learning a dual-language vector space for domain-specific cross-lingual question retrieval.,ASE,2016: 744-755,https://doi.org/10.1145/2970276.2970317,inproceedings,,,,
bxu22@ncsu.edu,"Bowen Xu, Zhenchang Xing, Xin Xia 0001, David Lo 0001, Qingye Wang, Shanping Li",Domain-specific cross-language relevant question retrieval.,MSR,2016: 413-424,https://doi.org/10.1145/2901739.2901746,inproceedings,,,,
bxu22@ncsu.edu,"Bowen Xu, David Lo 0001, Xin Xia 0001, Ashish Sureka, Shanping Li",EFSPredictor: Predicting Configuration Bugs with Ensemble Feature Selection.,APSEC,2015: 206-213,https://doi.org/10.1109/APSEC.2015.38,inproceedings,,,,
bxu22@ncsu.edu,"Yun Zhang 0011, David Lo 0001, Xin Xia 0001, Bowen Xu, Jianling Sun, Shanping Li",Combining Software Metrics and Text Features for Vulnerable File Prediction.,ICECCS,2015: 40-49,https://doi.org/10.1109/ICECCS.2015.15,inproceedings,,,,
bxu22@ncsu.edu,"Bowen Xu, Jinbao Li",MBITP: A Map Based Indoor Target Prediction in Smartphone.,ICYCSEE,2015: 228-236,https://doi.org/10.1007/978-3-662-46248-5_28,inproceedings,,,,
bxu22@ncsu.edu,"Bowen Xu, Nan Xue 0001, Gui-Song Xia, Liangpei Zhang 0001",Finding edges of buildings via a junction process in high-resolution remotely sensed images.,IGARSS,2015: 477-480,https://doi.org/10.1109/IGARSS.2015.7325804,inproceedings,,,,
bxu22@ncsu.edu,"Bowen Xu, Zhongshun Zhang, Shaoyang Geng, Lei Ma",Parameter estimation of high-speed railway vehicle using improved Rao-Blackwellised Particle Filter.,ITSC,2014: 1199-1204,https://doi.org/10.1109/ITSC.2014.6957850,inproceedings,,,,
bxu22@ncsu.edu,"Dingguo Chen, Jiaben Yang, Bowen Xu",Adaptive optimal control of a class of uncertain nonlinear systems using fuzzy logic and neural networks.,CDC,2004: 5094-5099,https://doi.org/10.1109/CDC.2004.1429615,inproceedings,,,,
bxu22@ncsu.edu,"Hao Tang, Quanyi Fan, Bowen Xu, Jianming Wen",A Technological Parameter Optimization Approach in Crude Oil Distillation Process Based on Neural Network.,ISNN (2),2004: 866-873,https://doi.org/10.1007/978-3-540-28648-6_138,inproceedings,,,,
skuttal@ncsu.edu,"Abim Sedhain, Yao Wang, Brett Mckinney, Sandeep Kaur Kuttal",Modeling Foraging Behavior in GitHub.,HCI (45),2023: 149-155,https://doi.org/10.1007/978-3-031-35998-9_21,inproceedings,,,,
skuttal@ncsu.edu,"Jacob C. Hart, Marcus Ensley, Sandeep Kaur Kuttal",Gender Effects on Creativity When Pair Programming with a Human vs. an Agent.,HCI (43),2023: 594-602,https://doi.org/10.1007/978-3-031-35989-7_75,inproceedings,,,,
skuttal@ncsu.edu,"Peter Robe, Sandeep Kaur Kuttal, Jake AuBuchon, Jacob C. Hart",Pair programming conversations with agents vs. developers: challenges and opportunities for SE community.,ESEC/SIGSOFT FSE,2022: 319-331,https://doi.org/10.1145/3540250.3549127,inproceedings,,,,
